[18Oct2025 22:04:41.405] [main/INFO] [cpw.mods.modlauncher.Launcher/MODLAUNCHER]: ModLauncher running: args [--launchTarget, forgeserver, --fml.forgeVersion, 47.3.7, --fml.mcVersion, 1.20.1, --fml.forgeGroup, net.minecraftforge, --fml.mcpVersion, 20230612.114412, nogui]
[18Oct2025 22:04:41.410] [main/INFO] [cpw.mods.modlauncher.Launcher/MODLAUNCHER]: ModLauncher 10.0.9+10.0.9+main.dcd20f30 starting: java version 17.0.16 by Ubuntu; OS Linux arch amd64 version 6.8.0-1030-azure
[18Oct2025 22:04:41.449] [main/DEBUG] [cpw.mods.modlauncher.LaunchServiceHandler/MODLAUNCHER]: Found launch services [fmlclientdev,forgeclient,minecraft,forgegametestserverdev,fmlserveruserdev,fmlclient,fmldatauserdev,forgeserverdev,forgeserveruserdev,forgeclientdev,forgeclientuserdev,forgeserver,forgedatadev,fmlserver,fmlclientuserdev,fmlserverdev,forgedatauserdev,testharness,forgegametestserveruserdev]
[18Oct2025 22:04:41.463] [main/DEBUG] [cpw.mods.modlauncher.NameMappingServiceHandler/MODLAUNCHER]: Found naming services : [srgtomcp]
[18Oct2025 22:04:41.480] [main/DEBUG] [cpw.mods.modlauncher.LaunchPluginHandler/MODLAUNCHER]: Found launch plugins: [mixin,eventbus,slf4jfixer,object_holder_definalize,runtime_enum_extender,capability_token_subclass,accesstransformer,runtimedistcleaner]
[18Oct2025 22:04:41.491] [main/DEBUG] [cpw.mods.modlauncher.TransformationServicesHandler/MODLAUNCHER]: Discovering transformation services
[18Oct2025 22:04:41.497] [main/DEBUG] [net.minecraftforge.fml.loading.FMLPaths/CORE]: Path GAMEDIR is /workspaces/MedievalCraft-2/servidor_minecraft
[18Oct2025 22:04:41.498] [main/DEBUG] [net.minecraftforge.fml.loading.FMLPaths/CORE]: Path MODSDIR is /workspaces/MedievalCraft-2/servidor_minecraft/mods
[18Oct2025 22:04:41.498] [main/DEBUG] [net.minecraftforge.fml.loading.FMLPaths/CORE]: Path CONFIGDIR is /workspaces/MedievalCraft-2/servidor_minecraft/config
[18Oct2025 22:04:41.498] [main/DEBUG] [net.minecraftforge.fml.loading.FMLPaths/CORE]: Path FMLCONFIG is /workspaces/MedievalCraft-2/servidor_minecraft/config/fml.toml
[18Oct2025 22:04:41.836] [main/DEBUG] [cpw.mods.modlauncher.TransformationServicesHandler/MODLAUNCHER]: Found additional transformation services from discovery services: 
[18Oct2025 22:04:41.844] [main/INFO] [net.minecraftforge.fml.loading.ImmediateWindowHandler/]: ImmediateWindowProvider not loading because launch target is forgeserver
[18Oct2025 22:04:41.860] [main/DEBUG] [cpw.mods.modlauncher.TransformationServicesHandler/MODLAUNCHER]: Found transformer services : [mixin,fml]
[18Oct2025 22:04:41.861] [main/DEBUG] [cpw.mods.modlauncher.TransformationServicesHandler/MODLAUNCHER]: Transformation services loading
[18Oct2025 22:04:41.862] [main/DEBUG] [cpw.mods.modlauncher.TransformationServiceDecorator/MODLAUNCHER]: Loading service mixin
[18Oct2025 22:04:41.863] [main/DEBUG] [cpw.mods.modlauncher.TransformationServiceDecorator/MODLAUNCHER]: Loaded service mixin
[18Oct2025 22:04:41.863] [main/DEBUG] [cpw.mods.modlauncher.TransformationServiceDecorator/MODLAUNCHER]: Loading service fml
[18Oct2025 22:04:41.864] [main/DEBUG] [net.minecraftforge.fml.loading.LauncherVersion/CORE]: Found FMLLauncher version 1.0
[18Oct2025 22:04:41.864] [main/DEBUG] [net.minecraftforge.fml.loading.FMLLoader/CORE]: FML 1.0 loading
[18Oct2025 22:04:41.865] [main/DEBUG] [net.minecraftforge.fml.loading.FMLLoader/CORE]: FML found ModLauncher version : 10.0.9+10.0.9+main.dcd20f30
[18Oct2025 22:04:41.866] [main/DEBUG] [net.minecraftforge.fml.loading.FMLLoader/CORE]: FML found AccessTransformer version : 8.0.4+66+master.c09db6d7
[18Oct2025 22:04:41.866] [main/DEBUG] [net.minecraftforge.fml.loading.FMLLoader/CORE]: FML found EventBus version : 6.0.5+6.0.5+master.eb8e549b
[18Oct2025 22:04:41.867] [main/DEBUG] [net.minecraftforge.fml.loading.FMLLoader/CORE]: Found Runtime Dist Cleaner
[18Oct2025 22:04:41.869] [main/DEBUG] [net.minecraftforge.fml.loading.FMLLoader/CORE]: FML found CoreMod version : 5.1.6
[18Oct2025 22:04:41.871] [main/DEBUG] [net.minecraftforge.fml.loading.FMLLoader/CORE]: Found ForgeSPI package implementation version 7.0.1+7.0.1+master.d2b38bf6
[18Oct2025 22:04:41.871] [main/DEBUG] [net.minecraftforge.fml.loading.FMLLoader/CORE]: Found ForgeSPI package specification 5
[18Oct2025 22:04:41.871] [main/DEBUG] [cpw.mods.modlauncher.TransformationServiceDecorator/MODLAUNCHER]: Loaded service fml
[18Oct2025 22:04:41.872] [main/DEBUG] [cpw.mods.modlauncher.TransformationServicesHandler/MODLAUNCHER]: Configuring option handling for services
[18Oct2025 22:04:41.888] [main/DEBUG] [cpw.mods.modlauncher.TransformationServicesHandler/MODLAUNCHER]: Transformation services initializing
[18Oct2025 22:04:41.888] [main/DEBUG] [cpw.mods.modlauncher.TransformationServiceDecorator/MODLAUNCHER]: Initializing transformation service mixin
[18Oct2025 22:04:41.916] [main/DEBUG] [mixin/]: MixinService [ModLauncher] was successfully booted in cpw.mods.cl.ModuleClassLoader@7a3d45bd
[18Oct2025 22:04:41.950] [main/INFO] [mixin/]: SpongePowered MIXIN Subsystem Version=0.8.5 Source=union:/workspaces/MedievalCraft-2/servidor_minecraft/libraries/org/spongepowered/mixin/0.8.5/mixin-0.8.5.jar%2365!/ Service=ModLauncher Env=SERVER
[18Oct2025 22:04:41.955] [main/DEBUG] [mixin/]: Initialising Mixin Platform Manager
[18Oct2025 22:04:41.955] [main/DEBUG] [mixin/]: Adding mixin platform agents for container ModLauncher Root Container(ModLauncher:4f56a0a2)
[18Oct2025 22:04:41.956] [main/DEBUG] [mixin/]: Instancing new MixinPlatformAgentMinecraftForge for ModLauncher Root Container(ModLauncher:4f56a0a2)
[18Oct2025 22:04:41.956] [main/DEBUG] [mixin/]: MixinPlatformAgentMinecraftForge rejected container ModLauncher Root Container(ModLauncher:4f56a0a2)
[18Oct2025 22:04:41.957] [main/DEBUG] [mixin/]: Instancing new MixinPlatformAgentDefault for ModLauncher Root Container(ModLauncher:4f56a0a2)
[18Oct2025 22:04:41.957] [main/DEBUG] [mixin/]: MixinPlatformAgentDefault accepted container ModLauncher Root Container(ModLauncher:4f56a0a2)
[18Oct2025 22:04:41.960] [main/DEBUG] [cpw.mods.modlauncher.TransformationServiceDecorator/MODLAUNCHER]: Initialized transformation service mixin
[18Oct2025 22:04:41.960] [main/DEBUG] [cpw.mods.modlauncher.TransformationServiceDecorator/MODLAUNCHER]: Initializing transformation service fml
[18Oct2025 22:04:41.960] [main/DEBUG] [net.minecraftforge.fml.loading.FMLServiceProvider/CORE]: Setting up basic FML game directories
[18Oct2025 22:04:41.962] [main/DEBUG] [net.minecraftforge.fml.loading.FMLPaths/CORE]: Path GAMEDIR is /workspaces/MedievalCraft-2/servidor_minecraft
[18Oct2025 22:04:41.962] [main/DEBUG] [net.minecraftforge.fml.loading.FMLPaths/CORE]: Path MODSDIR is /workspaces/MedievalCraft-2/servidor_minecraft/mods
[18Oct2025 22:04:41.963] [main/DEBUG] [net.minecraftforge.fml.loading.FMLPaths/CORE]: Path CONFIGDIR is /workspaces/MedievalCraft-2/servidor_minecraft/config
[18Oct2025 22:04:41.963] [main/DEBUG] [net.minecraftforge.fml.loading.FMLPaths/CORE]: Path FMLCONFIG is /workspaces/MedievalCraft-2/servidor_minecraft/config/fml.toml
[18Oct2025 22:04:41.963] [main/DEBUG] [net.minecraftforge.fml.loading.FMLServiceProvider/CORE]: Loading configuration
[18Oct2025 22:04:41.967] [main/DEBUG] [net.minecraftforge.fml.loading.FMLServiceProvider/CORE]: Preparing ModFile
[18Oct2025 22:04:41.970] [main/DEBUG] [net.minecraftforge.fml.loading.FMLServiceProvider/CORE]: Preparing launch handler
[18Oct2025 22:04:41.970] [main/DEBUG] [net.minecraftforge.fml.loading.FMLLoader/CORE]: Using forgeserver as launch service
[18Oct2025 22:04:41.990] [main/DEBUG] [net.minecraftforge.fml.loading.FMLLoader/CORE]: Received command line version data  : VersionInfo[forgeVersion=47.3.7, mcVersion=1.20.1, mcpVersion=20230612.114412, forgeGroup=net.minecraftforge]
[18Oct2025 22:04:41.992] [main/DEBUG] [cpw.mods.modlauncher.TransformationServiceDecorator/MODLAUNCHER]: Initialized transformation service fml
[18Oct2025 22:04:41.993] [main/DEBUG] [cpw.mods.modlauncher.NameMappingServiceHandler/MODLAUNCHER]: Current naming domain is 'srg'
[18Oct2025 22:04:41.994] [main/DEBUG] [cpw.mods.modlauncher.NameMappingServiceHandler/MODLAUNCHER]: Identified name mapping providers {}
[18Oct2025 22:04:41.994] [main/DEBUG] [cpw.mods.modlauncher.TransformationServicesHandler/MODLAUNCHER]: Transformation services begin scanning
[18Oct2025 22:04:41.995] [main/DEBUG] [cpw.mods.modlauncher.TransformationServiceDecorator/MODLAUNCHER]: Beginning scan trigger - transformation service mixin
[18Oct2025 22:04:41.995] [main/DEBUG] [cpw.mods.modlauncher.TransformationServiceDecorator/MODLAUNCHER]: End scan trigger - transformation service mixin
[18Oct2025 22:04:41.996] [main/DEBUG] [cpw.mods.modlauncher.TransformationServiceDecorator/MODLAUNCHER]: Beginning scan trigger - transformation service fml
[18Oct2025 22:04:41.996] [main/DEBUG] [net.minecraftforge.fml.loading.FMLServiceProvider/CORE]: Initiating mod scan
[18Oct2025 22:04:42.009] [main/DEBUG] [net.minecraftforge.fml.loading.moddiscovery.ModListHandler/CORE]: Found mod coordinates from lists: []
[18Oct2025 22:04:42.016] [main/DEBUG] [net.minecraftforge.fml.loading.moddiscovery.ModDiscoverer/CORE]: Found Mod Locators : (mods folder:null),(maven libs:null),(exploded directory:null),(minecraft:null),(userdev classpath:null)
[18Oct2025 22:04:42.017] [main/DEBUG] [net.minecraftforge.fml.loading.moddiscovery.ModDiscoverer/CORE]: Found Dependency Locators : (JarInJar:null)
[18Oct2025 22:04:42.036] [main/DEBUG] [net.minecraftforge.fml.loading.moddiscovery.ModFileParser/LOADING]: Considering mod file candidate /workspaces/MedievalCraft-2/servidor_minecraft/mods/alexsmobs-1.22.9.jar
[18Oct2025 22:04:42.092] [main/DEBUG] [net.minecraftforge.fml.loading.moddiscovery.ModFileInfo/LOADING]: Found valid mod file alexsmobs-1.22.9.jar with {alexsmobs} mods - versions {1.22.9}
[18Oct2025 22:04:42.095] [main/DEBUG] [net.minecraftforge.fml.loading.moddiscovery.ModFileParser/LOADING]: Considering mod file candidate /workspaces/MedievalCraft-2/servidor_minecraft/mods/apexcore-1.20.1-10.0.0.jar
[18Oct2025 22:04:42.099] [main/DEBUG] [net.minecraftforge.fml.loading.moddiscovery.ModFileInfo/LOADING]: Found valid mod file apexcore-1.20.1-10.0.0.jar with {apexcore} mods - versions {10.0.0}
[18Oct2025 22:04:42.102] [main/DEBUG] [net.minecraftforge.fml.loading.moddiscovery.ModFileParser/LOADING]: Considering mod file candidate /workspaces/MedievalCraft-2/servidor_minecraft/mods/ascendant_mobs-1.4.1-forge-1.20.1.jar
[18Oct2025 22:04:42.109] [main/DEBUG] [net.minecraftforge.fml.loading.moddiscovery.ModFileInfo/LOADING]: Found valid mod file ascendant_mobs-1.4.1-forge-1.20.1.jar with {ascendant_mobs} mods - versions {1.4.1}
[18Oct2025 22:04:42.118] [main/DEBUG] [net.minecraftforge.fml.loading.moddiscovery.ModFileParser/LOADING]: Considering mod file candidate /workspaces/MedievalCraft-2/servidor_minecraft/mods/backpacked-forge-1.20.1-3.0.0-beta.9.jar
[18Oct2025 22:04:42.123] [main/DEBUG] [net.minecraftforge.fml.loading.moddiscovery.ModFileInfo/LOADING]: Found valid mod file backpacked-forge-1.20.1-3.0.0-beta.9.jar with {backpacked} mods - versions {3.0.0-beta.9}
[18Oct2025 22:04:42.127] [main/DEBUG] [net.minecraftforge.fml.loading.moddiscovery.ModFileParser/LOADING]: Considering mod file candidate /workspaces/MedievalCraft-2/servidor_minecraft/mods/catalogue-forge-1.20.1-1.8.0.jar
[18Oct2025 22:04:42.130] [main/DEBUG] [net.minecraftforge.fml.loading.moddiscovery.ModFileInfo/LOADING]: Found valid mod file catalogue-forge-1.20.1-1.8.0.jar with {catalogue} mods - versions {1.8.0}
[18Oct2025 22:04:42.132] [main/DEBUG] [net.minecraftforge.fml.loading.moddiscovery.ModFileParser/LOADING]: Considering mod file candidate /workspaces/MedievalCraft-2/servidor_minecraft/mods/citadel-2.6.2-1.20.1.jar
[18Oct2025 22:04:42.133] [main/DEBUG] [net.minecraftforge.fml.loading.moddiscovery.ModFileInfo/LOADING]: Found valid mod file citadel-2.6.2-1.20.1.jar with {citadel} mods - versions {2.6.2}
[18Oct2025 22:04:42.137] [main/DEBUG] [net.minecraftforge.fml.loading.moddiscovery.ModFileParser/LOADING]: Considering mod file candidate /workspaces/MedievalCraft-2/servidor_minecraft/mods/CreativeCore_FORGE_v2.12.32_mc1.20.1.jar
[18Oct2025 22:04:42.140] [main/DEBUG] [net.minecraftforge.fml.loading.moddiscovery.ModFileInfo/LOADING]: Found valid mod file CreativeCore_FORGE_v2.12.32_mc1.20.1.jar with {creativecore} mods - versions {2.12.32}
[18Oct2025 22:04:42.142] [main/DEBUG] [net.minecraftforge.fml.loading.moddiscovery.ModFileParser/LOADING]: Considering mod file candidate /workspaces/MedievalCraft-2/servidor_minecraft/mods/cristellib-1.1.6-forge.jar
[18Oct2025 22:04:42.143] [main/DEBUG] [net.minecraftforge.fml.loading.moddiscovery.ModFileInfo/LOADING]: Found valid mod file cristellib-1.1.6-forge.jar with {cristellib} mods - versions {1.1.6}
[18Oct2025 22:04:42.145] [main/DEBUG] [net.minecraftforge.fml.loading.moddiscovery.ModFileParser/LOADING]: Considering mod file candidate /workspaces/MedievalCraft-2/servidor_minecraft/mods/curios-forge-5.14.1+1.20.1.jar
[18Oct2025 22:04:42.146] [main/DEBUG] [net.minecraftforge.fml.loading.moddiscovery.ModFileInfo/LOADING]: Found valid mod file curios-forge-5.14.1+1.20.1.jar with {curios} mods - versions {5.14.1+1.20.1}
[18Oct2025 22:04:42.151] [main/DEBUG] [net.minecraftforge.fml.loading.moddiscovery.ModFileParser/LOADING]: Considering mod file candidate /workspaces/MedievalCraft-2/servidor_minecraft/mods/dungeons_and_combat-1.2.3-forge-1.20.1.jar
[18Oct2025 22:04:42.155] [main/DEBUG] [net.minecraftforge.fml.loading.moddiscovery.ModFileInfo/LOADING]: Found valid mod file dungeons_and_combat-1.2.3-forge-1.20.1.jar with {dungeons_and_combat} mods - versions {1.2.3}
[18Oct2025 22:04:42.158] [main/DEBUG] [net.minecraftforge.fml.loading.moddiscovery.ModFileParser/LOADING]: Considering mod file candidate /workspaces/MedievalCraft-2/servidor_minecraft/mods/easy_npc-forge-1.20.1-5.9.2 (1).jar
[18Oct2025 22:04:42.160] [main/DEBUG] [net.minecraftforge.fml.loading.moddiscovery.ModFileInfo/LOADING]: Found valid mod file easy_npc-forge-1.20.1-5.9.2 (1).jar with {easy_npc} mods - versions {5.9.2}
[18Oct2025 22:04:42.163] [main/DEBUG] [net.minecraftforge.fml.loading.moddiscovery.ModFileParser/LOADING]: Considering mod file candidate /workspaces/MedievalCraft-2/servidor_minecraft/mods/fantasyfurniture-1.20.1-9.0.0.jar
[18Oct2025 22:04:42.165] [main/DEBUG] [net.minecraftforge.fml.loading.moddiscovery.ModFileInfo/LOADING]: Found valid mod file fantasyfurniture-1.20.1-9.0.0.jar with {fantasyfurniture} mods - versions {9.0.0}
[18Oct2025 22:04:42.171] [main/DEBUG] [net.minecraftforge.fml.loading.moddiscovery.ModFileParser/LOADING]: Considering mod file candidate /workspaces/MedievalCraft-2/servidor_minecraft/mods/framework-forge-1.20.1-0.7.15 (1).jar
[18Oct2025 22:04:42.172] [main/DEBUG] [net.minecraftforge.fml.loading.moddiscovery.ModFileInfo/LOADING]: Found valid mod file framework-forge-1.20.1-0.7.15 (1).jar with {framework} mods - versions {0.7.15}
[18Oct2025 22:04:42.173] [main/DEBUG] [net.minecraftforge.fml.loading.moddiscovery.ModFileParser/LOADING]: Considering mod file candidate /workspaces/MedievalCraft-2/servidor_minecraft/mods/geckolib-forge-1.20.1-4.8.2.jar
[18Oct2025 22:04:42.174] [main/DEBUG] [net.minecraftforge.fml.loading.moddiscovery.ModFileInfo/LOADING]: Found valid mod file geckolib-forge-1.20.1-4.8.2.jar with {geckolib} mods - versions {4.8.2}
[18Oct2025 22:04:42.180] [main/DEBUG] [net.minecraftforge.fml.loading.moddiscovery.ModFileParser/LOADING]: Considering mod file candidate /workspaces/MedievalCraft-2/servidor_minecraft/mods/iceandfire-2.1.13-1.20.1-beta-5.jar
[18Oct2025 22:04:42.209] [main/DEBUG] [net.minecraftforge.fml.loading.moddiscovery.ModFileInfo/LOADING]: Found valid mod file iceandfire-2.1.13-1.20.1-beta-5.jar with {iceandfire} mods - versions {2.1.13-1.20.1}
[18Oct2025 22:04:42.212] [main/DEBUG] [net.minecraftforge.fml.loading.moddiscovery.ModFileParser/LOADING]: Considering mod file candidate /workspaces/MedievalCraft-2/servidor_minecraft/mods/jauml-1.0.4b-forge-1.20.1.jar
[18Oct2025 22:04:42.213] [main/DEBUG] [net.minecraftforge.fml.loading.moddiscovery.ModFileInfo/LOADING]: Found valid mod file jauml-1.0.4b-forge-1.20.1.jar with {jauml} mods - versions {1.0.4b-forge-1.20.1}
[18Oct2025 22:04:42.214] [main/DEBUG] [net.minecraftforge.fml.loading.moddiscovery.ModFileParser/LOADING]: Considering mod file candidate /workspaces/MedievalCraft-2/servidor_minecraft/mods/memory_of_the_past-1.8.0-forge-1.20.1.jar
[18Oct2025 22:04:42.255] [main/DEBUG] [net.minecraftforge.fml.loading.moddiscovery.ModFileInfo/LOADING]: Found valid mod file memory_of_the_past-1.8.0-forge-1.20.1.jar with {memory_of_the_past} mods - versions {1.8.0}
[18Oct2025 22:04:42.261] [main/DEBUG] [net.minecraftforge.fml.loading.moddiscovery.ModFileParser/LOADING]: Considering mod file candidate /workspaces/MedievalCraft-2/servidor_minecraft/mods/mowziesmobs-1.7.3.jar
[18Oct2025 22:04:42.262] [main/DEBUG] [net.minecraftforge.fml.loading.moddiscovery.ModFileInfo/LOADING]: Found valid mod file mowziesmobs-1.7.3.jar with {mowziesmobs} mods - versions {1.7.3}
[18Oct2025 22:04:42.263] [main/DEBUG] [net.minecraftforge.fml.loading.moddiscovery.ModFileParser/LOADING]: Considering mod file candidate /workspaces/MedievalCraft-2/servidor_minecraft/mods/PlayerRevive_FORGE_v2.0.31_mc1.20.1.jar
[18Oct2025 22:04:42.267] [main/DEBUG] [net.minecraftforge.fml.loading.moddiscovery.ModFileInfo/LOADING]: Found valid mod file PlayerRevive_FORGE_v2.0.31_mc1.20.1.jar with {playerrevive} mods - versions {2.0.31}
[18Oct2025 22:04:42.267] [main/DEBUG] [net.minecraftforge.fml.loading.moddiscovery.ModFileParser/LOADING]: Considering mod file candidate /workspaces/MedievalCraft-2/servidor_minecraft/mods/tlc_forge-1.0.3-R-1.20.X.jar
[18Oct2025 22:04:42.268] [main/DEBUG] [net.minecraftforge.fml.loading.moddiscovery.ModFileInfo/LOADING]: Found valid mod file tlc_forge-1.0.3-R-1.20.X.jar with {tlc} mods - versions {1.0.2}
[18Oct2025 22:04:42.271] [main/DEBUG] [net.minecraftforge.fml.loading.moddiscovery.ModFileParser/LOADING]: Considering mod file candidate /workspaces/MedievalCraft-2/servidor_minecraft/mods/Towns-and-Towers-1.11-Fabric+Forge.jar
[18Oct2025 22:04:42.272] [main/DEBUG] [net.minecraftforge.fml.loading.moddiscovery.ModFileInfo/LOADING]: Found valid mod file Towns-and-Towers-1.11-Fabric+Forge.jar with {t_and_t} mods - versions {0.0NONE}
[18Oct2025 22:04:42.443] [main/DEBUG] [net.minecraftforge.fml.loading.moddiscovery.ModFileInfo/LOADING]: Found valid mod file server-1.20.1-20230612.114412-srg.jar with {minecraft} mods - versions {1.20.1}
[18Oct2025 22:04:42.461] [main/DEBUG] [net.minecraftforge.fml.loading.moddiscovery.ModFileParser/LOADING]: Considering mod file candidate /workspaces/MedievalCraft-2/servidor_minecraft/libraries/net/minecraftforge/fmlcore/1.20.1-47.3.7/fmlcore-1.20.1-47.3.7.jar
[18Oct2025 22:04:42.461] [main/WARN] [net.minecraftforge.fml.loading.moddiscovery.ModFileParser/LOADING]: Mod file /workspaces/MedievalCraft-2/servidor_minecraft/libraries/net/minecraftforge/fmlcore/1.20.1-47.3.7/fmlcore-1.20.1-47.3.7.jar is missing mods.toml file
[18Oct2025 22:04:42.463] [main/DEBUG] [net.minecraftforge.fml.loading.moddiscovery.ModFileParser/LOADING]: Considering mod file candidate /workspaces/MedievalCraft-2/servidor_minecraft/libraries/net/minecraftforge/javafmllanguage/1.20.1-47.3.7/javafmllanguage-1.20.1-47.3.7.jar
[18Oct2025 22:04:42.463] [main/WARN] [net.minecraftforge.fml.loading.moddiscovery.ModFileParser/LOADING]: Mod file /workspaces/MedievalCraft-2/servidor_minecraft/libraries/net/minecraftforge/javafmllanguage/1.20.1-47.3.7/javafmllanguage-1.20.1-47.3.7.jar is missing mods.toml file
[18Oct2025 22:04:42.465] [main/DEBUG] [net.minecraftforge.fml.loading.moddiscovery.ModFileParser/LOADING]: Considering mod file candidate /workspaces/MedievalCraft-2/servidor_minecraft/libraries/net/minecraftforge/lowcodelanguage/1.20.1-47.3.7/lowcodelanguage-1.20.1-47.3.7.jar
[18Oct2025 22:04:42.465] [main/WARN] [net.minecraftforge.fml.loading.moddiscovery.ModFileParser/LOADING]: Mod file /workspaces/MedievalCraft-2/servidor_minecraft/libraries/net/minecraftforge/lowcodelanguage/1.20.1-47.3.7/lowcodelanguage-1.20.1-47.3.7.jar is missing mods.toml file
[18Oct2025 22:04:42.468] [main/DEBUG] [net.minecraftforge.fml.loading.moddiscovery.ModFileParser/LOADING]: Considering mod file candidate /workspaces/MedievalCraft-2/servidor_minecraft/libraries/net/minecraftforge/mclanguage/1.20.1-47.3.7/mclanguage-1.20.1-47.3.7.jar
[18Oct2025 22:04:42.468] [main/WARN] [net.minecraftforge.fml.loading.moddiscovery.ModFileParser/LOADING]: Mod file /workspaces/MedievalCraft-2/servidor_minecraft/libraries/net/minecraftforge/mclanguage/1.20.1-47.3.7/mclanguage-1.20.1-47.3.7.jar is missing mods.toml file
[18Oct2025 22:04:42.571] [main/DEBUG] [net.minecraftforge.fml.loading.moddiscovery.ModFileParser/LOADING]: Considering mod file candidate /workspaces/MedievalCraft-2/servidor_minecraft/libraries/net/minecraftforge/forge/1.20.1-47.3.7/forge-1.20.1-47.3.7-universal.jar
[18Oct2025 22:04:42.573] [main/DEBUG] [net.minecraftforge.fml.loading.moddiscovery.ModFileInfo/LOADING]: Found valid mod file forge-1.20.1-47.3.7-universal.jar with {forge} mods - versions {47.3.7}
[18Oct2025 22:04:42.587] [main/DEBUG] [net.minecraftforge.fml.loading.moddiscovery.AbstractJarFileDependencyLocator/]: Failed to load resource META-INF/jarjar/metadata.json from server-1.20.1-20230612.114412-srg.jar, it does not contain dependency information.
[18Oct2025 22:04:42.587] [main/DEBUG] [net.minecraftforge.fml.loading.moddiscovery.AbstractJarFileDependencyLocator/]: Failed to load resource META-INF/jarjar/metadata.json from backpacked-forge-1.20.1-3.0.0-beta.9.jar, it does not contain dependency information.
[18Oct2025 22:04:42.588] [main/DEBUG] [net.minecraftforge.fml.loading.moddiscovery.AbstractJarFileDependencyLocator/]: Failed to load resource META-INF/jarjar/metadata.json from easy_npc-forge-1.20.1-5.9.2 (1).jar, it does not contain dependency information.
[18Oct2025 22:04:42.588] [main/DEBUG] [net.minecraftforge.fml.loading.moddiscovery.AbstractJarFileDependencyLocator/]: Failed to load resource META-INF/jarjar/metadata.json from mowziesmobs-1.7.3.jar, it does not contain dependency information.
[18Oct2025 22:04:42.589] [main/DEBUG] [net.minecraftforge.fml.loading.moddiscovery.AbstractJarFileDependencyLocator/]: Failed to load resource META-INF/jarjar/metadata.json from memory_of_the_past-1.8.0-forge-1.20.1.jar, it does not contain dependency information.
[18Oct2025 22:04:42.589] [main/DEBUG] [net.minecraftforge.fml.loading.moddiscovery.AbstractJarFileDependencyLocator/]: Failed to load resource META-INF/jarjar/metadata.json from alexsmobs-1.22.9.jar, it does not contain dependency information.
[18Oct2025 22:04:42.589] [main/DEBUG] [net.minecraftforge.fml.loading.moddiscovery.AbstractJarFileDependencyLocator/]: Failed to load resource META-INF/jarjar/metadata.json from ascendant_mobs-1.4.1-forge-1.20.1.jar, it does not contain dependency information.
[18Oct2025 22:04:42.589] [main/DEBUG] [net.minecraftforge.fml.loading.moddiscovery.AbstractJarFileDependencyLocator/]: Failed to load resource META-INF/jarjar/metadata.json from tlc_forge-1.0.3-R-1.20.X.jar, it does not contain dependency information.
[18Oct2025 22:04:42.589] [main/DEBUG] [net.minecraftforge.fml.loading.moddiscovery.AbstractJarFileDependencyLocator/]: Failed to load resource META-INF/jarjar/metadata.json from CreativeCore_FORGE_v2.12.32_mc1.20.1.jar, it does not contain dependency information.
[18Oct2025 22:04:42.589] [main/DEBUG] [net.minecraftforge.fml.loading.moddiscovery.AbstractJarFileDependencyLocator/]: Failed to load resource META-INF/jarjar/metadata.json from iceandfire-2.1.13-1.20.1-beta-5.jar, it does not contain dependency information.
[18Oct2025 22:04:42.590] [main/DEBUG] [net.minecraftforge.fml.loading.moddiscovery.AbstractJarFileDependencyLocator/]: Failed to load resource META-INF/jarjar/metadata.json from catalogue-forge-1.20.1-1.8.0.jar, it does not contain dependency information.
[18Oct2025 22:04:42.590] [main/DEBUG] [net.minecraftforge.fml.loading.moddiscovery.AbstractJarFileDependencyLocator/]: Failed to load resource META-INF/jarjar/metadata.json from framework-forge-1.20.1-0.7.15 (1).jar, it does not contain dependency information.
[18Oct2025 22:04:42.590] [main/DEBUG] [net.minecraftforge.fml.loading.moddiscovery.AbstractJarFileDependencyLocator/]: Failed to load resource META-INF/jarjar/metadata.json from forge-1.20.1-47.3.7-universal.jar, it does not contain dependency information.
[18Oct2025 22:04:42.591] [main/DEBUG] [net.minecraftforge.fml.loading.moddiscovery.AbstractJarFileDependencyLocator/]: Failed to load resource META-INF/jarjar/metadata.json from Towns-and-Towers-1.11-Fabric+Forge.jar, it does not contain dependency information.
[18Oct2025 22:04:42.592] [main/DEBUG] [net.minecraftforge.fml.loading.moddiscovery.AbstractJarFileDependencyLocator/]: Failed to load resource META-INF/jarjar/metadata.json from curios-forge-5.14.1+1.20.1.jar, it does not contain dependency information.
[18Oct2025 22:04:42.592] [main/DEBUG] [net.minecraftforge.fml.loading.moddiscovery.AbstractJarFileDependencyLocator/]: Failed to load resource META-INF/jarjar/metadata.json from PlayerRevive_FORGE_v2.0.31_mc1.20.1.jar, it does not contain dependency information.
[18Oct2025 22:04:42.592] [main/DEBUG] [net.minecraftforge.fml.loading.moddiscovery.AbstractJarFileDependencyLocator/]: Failed to load resource META-INF/jarjar/metadata.json from jauml-1.0.4b-forge-1.20.1.jar, it does not contain dependency information.
[18Oct2025 22:04:42.593] [main/DEBUG] [net.minecraftforge.fml.loading.moddiscovery.AbstractJarFileDependencyLocator/]: Failed to load resource META-INF/jarjar/metadata.json from dungeons_and_combat-1.2.3-forge-1.20.1.jar, it does not contain dependency information.
[18Oct2025 22:04:42.593] [main/DEBUG] [net.minecraftforge.fml.loading.moddiscovery.AbstractJarFileDependencyLocator/]: Failed to load resource META-INF/jarjar/metadata.json from citadel-2.6.2-1.20.1.jar, it does not contain dependency information.
[18Oct2025 22:04:42.593] [main/DEBUG] [net.minecraftforge.fml.loading.moddiscovery.AbstractJarFileDependencyLocator/]: Failed to load resource META-INF/jarjar/metadata.json from mclanguage-1.20.1-47.3.7.jar, it does not contain dependency information.
[18Oct2025 22:04:42.593] [main/DEBUG] [net.minecraftforge.fml.loading.moddiscovery.AbstractJarFileDependencyLocator/]: Failed to load resource META-INF/jarjar/metadata.json from javafmllanguage-1.20.1-47.3.7.jar, it does not contain dependency information.
[18Oct2025 22:04:42.594] [main/DEBUG] [net.minecraftforge.fml.loading.moddiscovery.AbstractJarFileDependencyLocator/]: Failed to load resource META-INF/jarjar/metadata.json from fmlcore-1.20.1-47.3.7.jar, it does not contain dependency information.
[18Oct2025 22:04:42.594] [main/DEBUG] [net.minecraftforge.fml.loading.moddiscovery.AbstractJarFileDependencyLocator/]: Failed to load resource META-INF/jarjar/metadata.json from lowcodelanguage-1.20.1-47.3.7.jar, it does not contain dependency information.
[18Oct2025 22:04:42.674] [main/DEBUG] [net.minecraftforge.fml.loading.moddiscovery.ModFileParser/LOADING]: Considering mod file candidate 
[18Oct2025 22:04:42.675] [main/DEBUG] [net.minecraftforge.fml.loading.moddiscovery.ModFileInfo/LOADING]: Found valid mod file commonality-1.20.1-7.0.0.jar with {commonality} mods - versions {7.0.0}
[18Oct2025 22:04:42.685] [main/DEBUG] [net.minecraftforge.fml.loading.moddiscovery.ModFileParser/LOADING]: Considering mod file candidate 
[18Oct2025 22:04:42.686] [main/DEBUG] [net.minecraftforge.fml.loading.moddiscovery.ModFileInfo/LOADING]: Found valid mod file apexcore-1.20.1-10.0.0.jar with {apexcore} mods - versions {10.0.0}
[18Oct2025 22:04:42.686] [main/DEBUG] [net.minecraftforge.fml.loading.moddiscovery.AbstractJarFileDependencyLocator/]: Failed to load resource META-INF/jarjar/metadata.json from mclib-20.jar, it does not contain dependency information.
[18Oct2025 22:04:42.686] [main/DEBUG] [net.minecraftforge.fml.loading.moddiscovery.AbstractJarFileDependencyLocator/]: Failed to load resource META-INF/jarjar/metadata.json from Registrate-MC1.20-1.3.3.jar, it does not contain dependency information.
[18Oct2025 22:04:42.687] [main/DEBUG] [net.minecraftforge.fml.loading.moddiscovery.AbstractJarFileDependencyLocator/]: Failed to load resource META-INF/jarjar/metadata.json from jankson-1.2.3.jar, it does not contain dependency information.
[18Oct2025 22:04:42.695] [main/DEBUG] [net.minecraftforge.fml.loading.moddiscovery.ModFileParser/LOADING]: Considering mod file candidate 
[18Oct2025 22:04:42.696] [main/DEBUG] [net.minecraftforge.fml.loading.moddiscovery.ModFileInfo/LOADING]: Found valid mod file commonality-1.20.1-7.0.0.jar with {commonality} mods - versions {7.0.0}
[18Oct2025 22:04:42.696] [main/DEBUG] [net.minecraftforge.fml.loading.moddiscovery.AbstractJarFileDependencyLocator/]: Failed to load resource META-INF/jarjar/metadata.json from Registrate-MC1.20-1.3.3.jar, it does not contain dependency information.
[18Oct2025 22:04:42.752] [main/DEBUG] [net.minecraftforge.fml.loading.moddiscovery.ModFileParser/LOADING]: Considering mod file candidate 
[18Oct2025 22:04:42.753] [main/DEBUG] [net.minecraftforge.fml.loading.moddiscovery.ModFileInfo/LOADING]: Found valid mod file apexcore-1.20.1-10.0.0.jar with {apexcore} mods - versions {10.0.0}
[18Oct2025 22:04:42.760] [main/DEBUG] [net.minecraftforge.fml.loading.moddiscovery.ModFileParser/LOADING]: Considering mod file candidate 
[18Oct2025 22:04:42.761] [main/DEBUG] [net.minecraftforge.fml.loading.moddiscovery.ModFileInfo/LOADING]: Found valid mod file commonality-1.20.1-7.0.0.jar with {commonality} mods - versions {7.0.0}
[18Oct2025 22:04:42.763] [main/WARN] [net.minecraftforge.jarjar.selection.JarSelector/]: Attempted to select a dependency jar for JarJar which was passed in as source: apexcore. Using Mod File: /workspaces/MedievalCraft-2/servidor_minecraft/mods/apexcore-1.20.1-10.0.0.jar
[18Oct2025 22:04:42.764] [main/INFO] [net.minecraftforge.fml.loading.moddiscovery.JarInJarDependencyLocator/]: Found 4 dependencies adding them to mods collection
[18Oct2025 22:04:42.766] [main/DEBUG] [net.minecraftforge.fml.loading.moddiscovery.ModFileInfo/LOADING]: Found valid mod file server-1.20.1-20230612.114412-srg.jar with {minecraft} mods - versions {1.20.1}
[18Oct2025 22:04:42.773] [main/DEBUG] [net.minecraftforge.fml.loading.moddiscovery.ModFile/LOADING]: Loading mod file /workspaces/MedievalCraft-2/servidor_minecraft/libraries/net/minecraft/server/1.20.1-20230612.114412/server-1.20.1-20230612.114412-srg.jar with languages [LanguageSpec[languageName=minecraft, acceptedVersions=1]]
[18Oct2025 22:04:42.774] [main/DEBUG] [net.minecraftforge.fml.loading.moddiscovery.ModFileParser/LOADING]: Considering mod file candidate /workspaces/MedievalCraft-2/servidor_minecraft/mods/easy_npc-forge-1.20.1-5.9.2 (1).jar
[18Oct2025 22:04:42.775] [main/DEBUG] [net.minecraftforge.fml.loading.moddiscovery.ModFileInfo/LOADING]: Found valid mod file easy_npc-forge-1.20.1-5.9.2 (1).jar with {easy_npc} mods - versions {5.9.2}
[18Oct2025 22:04:42.775] [main/DEBUG] [net.minecraftforge.fml.loading.moddiscovery.ModFile/LOADING]: Loading mod file /workspaces/MedievalCraft-2/servidor_minecraft/mods/easy_npc-forge-1.20.1-5.9.2 (1).jar with languages [LanguageSpec[languageName=javafml, acceptedVersions=[47,)]]
[18Oct2025 22:04:42.775] [main/DEBUG] [net.minecraftforge.fml.loading.moddiscovery.ModFileParser/LOADING]: Considering mod file candidate /workspaces/MedievalCraft-2/servidor_minecraft/mods/mowziesmobs-1.7.3.jar
[18Oct2025 22:04:42.776] [main/DEBUG] [net.minecraftforge.fml.loading.moddiscovery.ModFileInfo/LOADING]: Found valid mod file mowziesmobs-1.7.3.jar with {mowziesmobs} mods - versions {1.7.3}
[18Oct2025 22:04:42.776] [main/DEBUG] [net.minecraftforge.fml.loading.moddiscovery.ModFile/LOADING]: Loading mod file /workspaces/MedievalCraft-2/servidor_minecraft/mods/mowziesmobs-1.7.3.jar with languages [LanguageSpec[languageName=javafml, acceptedVersions=[43,)]]
[18Oct2025 22:04:42.776] [main/DEBUG] [net.minecraftforge.fml.loading.moddiscovery.ModFileParser/LOADING]: Considering mod file candidate 
[18Oct2025 22:04:42.777] [main/DEBUG] [net.minecraftforge.fml.loading.moddiscovery.ModFileInfo/LOADING]: Found valid mod file commonality-1.20.1-7.0.0.jar with {commonality} mods - versions {7.0.0}
[18Oct2025 22:04:42.777] [main/DEBUG] [net.minecraftforge.fml.loading.moddiscovery.ModFile/LOADING]: Loading mod file  with languages [LanguageSpec[languageName=javafml, acceptedVersions=[46,48)]]
[18Oct2025 22:04:42.777] [main/DEBUG] [net.minecraftforge.fml.loading.moddiscovery.ModFileParser/LOADING]: Considering mod file candidate /workspaces/MedievalCraft-2/servidor_minecraft/mods/alexsmobs-1.22.9.jar
[18Oct2025 22:04:42.778] [main/DEBUG] [net.minecraftforge.fml.loading.moddiscovery.ModFileInfo/LOADING]: Found valid mod file alexsmobs-1.22.9.jar with {alexsmobs} mods - versions {1.22.9}
[18Oct2025 22:04:42.779] [main/DEBUG] [net.minecraftforge.fml.loading.moddiscovery.ModFile/LOADING]: Loading mod file /workspaces/MedievalCraft-2/servidor_minecraft/mods/alexsmobs-1.22.9.jar with languages [LanguageSpec[languageName=javafml, acceptedVersions=[46,)]]
[18Oct2025 22:04:42.779] [main/DEBUG] [net.minecraftforge.fml.loading.moddiscovery.ModFileParser/LOADING]: Considering mod file candidate /workspaces/MedievalCraft-2/servidor_minecraft/mods/geckolib-forge-1.20.1-4.8.2.jar
[18Oct2025 22:04:42.779] [main/DEBUG] [net.minecraftforge.fml.loading.moddiscovery.ModFileInfo/LOADING]: Found valid mod file geckolib-forge-1.20.1-4.8.2.jar with {geckolib} mods - versions {4.8.2}
[18Oct2025 22:04:42.780] [main/DEBUG] [net.minecraftforge.fml.loading.moddiscovery.ModFile/LOADING]: Loading mod file /workspaces/MedievalCraft-2/servidor_minecraft/mods/geckolib-forge-1.20.1-4.8.2.jar with languages [LanguageSpec[languageName=javafml, acceptedVersions=[47,)]]
[18Oct2025 22:04:42.780] [main/DEBUG] [net.minecraftforge.fml.loading.moddiscovery.ModFileParser/LOADING]: Considering mod file candidate /workspaces/MedievalCraft-2/servidor_minecraft/mods/CreativeCore_FORGE_v2.12.32_mc1.20.1.jar
[18Oct2025 22:04:42.782] [main/DEBUG] [net.minecraftforge.fml.loading.moddiscovery.ModFileInfo/LOADING]: Found valid mod file CreativeCore_FORGE_v2.12.32_mc1.20.1.jar with {creativecore} mods - versions {2.12.32}
[18Oct2025 22:04:42.783] [main/DEBUG] [net.minecraftforge.fml.loading.moddiscovery.ModFile/LOADING]: Loading mod file /workspaces/MedievalCraft-2/servidor_minecraft/mods/CreativeCore_FORGE_v2.12.32_mc1.20.1.jar with languages [LanguageSpec[languageName=javafml, acceptedVersions=[46,)]]
[18Oct2025 22:04:42.783] [main/DEBUG] [net.minecraftforge.fml.loading.moddiscovery.ModFileParser/LOADING]: Considering mod file candidate /workspaces/MedievalCraft-2/servidor_minecraft/mods/curios-forge-5.14.1+1.20.1.jar
[18Oct2025 22:04:42.783] [main/DEBUG] [net.minecraftforge.fml.loading.moddiscovery.ModFileInfo/LOADING]: Found valid mod file curios-forge-5.14.1+1.20.1.jar with {curios} mods - versions {5.14.1+1.20.1}
[18Oct2025 22:04:42.783] [main/DEBUG] [net.minecraftforge.fml.loading.moddiscovery.ModFile/LOADING]: Loading mod file /workspaces/MedievalCraft-2/servidor_minecraft/mods/curios-forge-5.14.1+1.20.1.jar with languages [LanguageSpec[languageName=javafml, acceptedVersions=[41,)]]
[18Oct2025 22:04:42.784] [main/DEBUG] [net.minecraftforge.fml.loading.moddiscovery.ModFileParser/LOADING]: Considering mod file candidate /workspaces/MedievalCraft-2/servidor_minecraft/mods/fantasyfurniture-1.20.1-9.0.0.jar
[18Oct2025 22:04:42.785] [main/DEBUG] [net.minecraftforge.fml.loading.moddiscovery.ModFileInfo/LOADING]: Found valid mod file fantasyfurniture-1.20.1-9.0.0.jar with {fantasyfurniture} mods - versions {9.0.0}
[18Oct2025 22:04:42.785] [main/DEBUG] [net.minecraftforge.fml.loading.moddiscovery.ModFile/LOADING]: Loading mod file /workspaces/MedievalCraft-2/servidor_minecraft/mods/fantasyfurniture-1.20.1-9.0.0.jar with languages [LanguageSpec[languageName=javafml, acceptedVersions=[46,48)]]
[18Oct2025 22:04:42.786] [main/DEBUG] [net.minecraftforge.fml.loading.moddiscovery.ModFileParser/LOADING]: Considering mod file candidate /workspaces/MedievalCraft-2/servidor_minecraft/mods/citadel-2.6.2-1.20.1.jar
[18Oct2025 22:04:42.787] [main/DEBUG] [net.minecraftforge.fml.loading.moddiscovery.ModFileInfo/LOADING]: Found valid mod file citadel-2.6.2-1.20.1.jar with {citadel} mods - versions {2.6.2}
[18Oct2025 22:04:42.787] [main/DEBUG] [net.minecraftforge.fml.loading.moddiscovery.ModFile/LOADING]: Loading mod file /workspaces/MedievalCraft-2/servidor_minecraft/mods/citadel-2.6.2-1.20.1.jar with languages [LanguageSpec[languageName=javafml, acceptedVersions=[47,)]]
[18Oct2025 22:04:42.787] [main/DEBUG] [net.minecraftforge.fml.loading.moddiscovery.ModFileParser/LOADING]: Considering mod file candidate /workspaces/MedievalCraft-2/servidor_minecraft/mods/dungeons_and_combat-1.2.3-forge-1.20.1.jar
[18Oct2025 22:04:42.788] [main/DEBUG] [net.minecraftforge.fml.loading.moddiscovery.ModFileInfo/LOADING]: Found valid mod file dungeons_and_combat-1.2.3-forge-1.20.1.jar with {dungeons_and_combat} mods - versions {1.2.3}
[18Oct2025 22:04:42.788] [main/DEBUG] [net.minecraftforge.fml.loading.moddiscovery.ModFile/LOADING]: Loading mod file /workspaces/MedievalCraft-2/servidor_minecraft/mods/dungeons_and_combat-1.2.3-forge-1.20.1.jar with languages [LanguageSpec[languageName=javafml, acceptedVersions=[47,)]]
[18Oct2025 22:04:42.788] [main/DEBUG] [net.minecraftforge.fml.loading.moddiscovery.ModFileParser/LOADING]: Considering mod file candidate /workspaces/MedievalCraft-2/servidor_minecraft/mods/backpacked-forge-1.20.1-3.0.0-beta.9.jar
[18Oct2025 22:04:42.788] [main/DEBUG] [net.minecraftforge.fml.loading.moddiscovery.ModFileInfo/LOADING]: Found valid mod file backpacked-forge-1.20.1-3.0.0-beta.9.jar with {backpacked} mods - versions {3.0.0-beta.9}
[18Oct2025 22:04:42.789] [main/DEBUG] [net.minecraftforge.fml.loading.moddiscovery.ModFile/LOADING]: Loading mod file /workspaces/MedievalCraft-2/servidor_minecraft/mods/backpacked-forge-1.20.1-3.0.0-beta.9.jar with languages [LanguageSpec[languageName=javafml, acceptedVersions=[39,)]]
[18Oct2025 22:04:42.789] [main/DEBUG] [net.minecraftforge.fml.loading.moddiscovery.ModFileParser/LOADING]: Considering mod file candidate /workspaces/MedievalCraft-2/servidor_minecraft/mods/memory_of_the_past-1.8.0-forge-1.20.1.jar
[18Oct2025 22:04:42.812] [main/DEBUG] [net.minecraftforge.fml.loading.moddiscovery.ModFileInfo/LOADING]: Found valid mod file memory_of_the_past-1.8.0-forge-1.20.1.jar with {memory_of_the_past} mods - versions {1.8.0}
[18Oct2025 22:04:42.813] [main/DEBUG] [net.minecraftforge.fml.loading.moddiscovery.ModFile/LOADING]: Loading mod file /workspaces/MedievalCraft-2/servidor_minecraft/mods/memory_of_the_past-1.8.0-forge-1.20.1.jar with languages [LanguageSpec[languageName=javafml, acceptedVersions=[47,)]]
[18Oct2025 22:04:42.813] [main/DEBUG] [net.minecraftforge.fml.loading.moddiscovery.ModFileParser/LOADING]: Considering mod file candidate /workspaces/MedievalCraft-2/servidor_minecraft/mods/ascendant_mobs-1.4.1-forge-1.20.1.jar
[18Oct2025 22:04:42.814] [main/DEBUG] [net.minecraftforge.fml.loading.moddiscovery.ModFileInfo/LOADING]: Found valid mod file ascendant_mobs-1.4.1-forge-1.20.1.jar with {ascendant_mobs} mods - versions {1.4.1}
[18Oct2025 22:04:42.814] [main/DEBUG] [net.minecraftforge.fml.loading.moddiscovery.ModFile/LOADING]: Loading mod file /workspaces/MedievalCraft-2/servidor_minecraft/mods/ascendant_mobs-1.4.1-forge-1.20.1.jar with languages [LanguageSpec[languageName=javafml, acceptedVersions=[47,)]]
[18Oct2025 22:04:42.814] [main/DEBUG] [net.minecraftforge.fml.loading.moddiscovery.ModFileParser/LOADING]: Considering mod file candidate /workspaces/MedievalCraft-2/servidor_minecraft/mods/tlc_forge-1.0.3-R-1.20.X.jar
[18Oct2025 22:04:42.815] [main/DEBUG] [net.minecraftforge.fml.loading.moddiscovery.ModFileInfo/LOADING]: Found valid mod file tlc_forge-1.0.3-R-1.20.X.jar with {tlc} mods - versions {1.0.2}
[18Oct2025 22:04:42.815] [main/DEBUG] [net.minecraftforge.fml.loading.moddiscovery.ModFile/LOADING]: Loading mod file /workspaces/MedievalCraft-2/servidor_minecraft/mods/tlc_forge-1.0.3-R-1.20.X.jar with languages [LanguageSpec[languageName=javafml, acceptedVersions=[41,)]]
[18Oct2025 22:04:42.816] [main/DEBUG] [net.minecraftforge.fml.loading.moddiscovery.ModFileParser/LOADING]: Considering mod file candidate /workspaces/MedievalCraft-2/servidor_minecraft/mods/iceandfire-2.1.13-1.20.1-beta-5.jar
[18Oct2025 22:04:42.816] [main/DEBUG] [net.minecraftforge.fml.loading.moddiscovery.ModFileInfo/LOADING]: Found valid mod file iceandfire-2.1.13-1.20.1-beta-5.jar with {iceandfire} mods - versions {2.1.13-1.20.1}
[18Oct2025 22:04:42.817] [main/DEBUG] [net.minecraftforge.fml.loading.moddiscovery.ModFile/LOADING]: Loading mod file /workspaces/MedievalCraft-2/servidor_minecraft/mods/iceandfire-2.1.13-1.20.1-beta-5.jar with languages [LanguageSpec[languageName=javafml, acceptedVersions=[37.0,)]]
[18Oct2025 22:04:42.817] [main/DEBUG] [net.minecraftforge.fml.loading.moddiscovery.ModFileParser/LOADING]: Considering mod file candidate /workspaces/MedievalCraft-2/servidor_minecraft/mods/apexcore-1.20.1-10.0.0.jar
[18Oct2025 22:04:42.817] [main/DEBUG] [net.minecraftforge.fml.loading.moddiscovery.ModFileInfo/LOADING]: Found valid mod file apexcore-1.20.1-10.0.0.jar with {apexcore} mods - versions {10.0.0}
[18Oct2025 22:04:42.818] [main/DEBUG] [net.minecraftforge.fml.loading.moddiscovery.ModFile/LOADING]: Loading mod file /workspaces/MedievalCraft-2/servidor_minecraft/mods/apexcore-1.20.1-10.0.0.jar with languages [LanguageSpec[languageName=javafml, acceptedVersions=[46,48)]]
[18Oct2025 22:04:42.818] [main/DEBUG] [net.minecraftforge.fml.loading.moddiscovery.ModFileParser/LOADING]: Considering mod file candidate /workspaces/MedievalCraft-2/servidor_minecraft/mods/catalogue-forge-1.20.1-1.8.0.jar
[18Oct2025 22:04:42.818] [main/DEBUG] [net.minecraftforge.fml.loading.moddiscovery.ModFileInfo/LOADING]: Found valid mod file catalogue-forge-1.20.1-1.8.0.jar with {catalogue} mods - versions {1.8.0}
[18Oct2025 22:04:42.818] [main/DEBUG] [net.minecraftforge.fml.loading.moddiscovery.ModFile/LOADING]: Loading mod file /workspaces/MedievalCraft-2/servidor_minecraft/mods/catalogue-forge-1.20.1-1.8.0.jar with languages [LanguageSpec[languageName=javafml, acceptedVersions=[39,)]]
[18Oct2025 22:04:42.819] [main/DEBUG] [net.minecraftforge.fml.loading.moddiscovery.ModFileParser/LOADING]: Considering mod file candidate /workspaces/MedievalCraft-2/servidor_minecraft/mods/framework-forge-1.20.1-0.7.15 (1).jar
[18Oct2025 22:04:42.819] [main/DEBUG] [net.minecraftforge.fml.loading.moddiscovery.ModFileInfo/LOADING]: Found valid mod file framework-forge-1.20.1-0.7.15 (1).jar with {framework} mods - versions {0.7.15}
[18Oct2025 22:04:42.819] [main/DEBUG] [net.minecraftforge.fml.loading.moddiscovery.ModFile/LOADING]: Loading mod file /workspaces/MedievalCraft-2/servidor_minecraft/mods/framework-forge-1.20.1-0.7.15 (1).jar with languages [LanguageSpec[languageName=javafml, acceptedVersions=[39,)]]
[18Oct2025 22:04:42.819] [main/DEBUG] [net.minecraftforge.fml.loading.moddiscovery.ModFileParser/LOADING]: Considering mod file candidate /workspaces/MedievalCraft-2/servidor_minecraft/libraries/net/minecraftforge/forge/1.20.1-47.3.7/forge-1.20.1-47.3.7-universal.jar
[18Oct2025 22:04:42.820] [main/DEBUG] [net.minecraftforge.fml.loading.moddiscovery.ModFileInfo/LOADING]: Found valid mod file forge-1.20.1-47.3.7-universal.jar with {forge} mods - versions {47.3.7}
[18Oct2025 22:04:42.820] [main/DEBUG] [net.minecraftforge.fml.loading.moddiscovery.ModFile/LOADING]: Loading mod file /workspaces/MedievalCraft-2/servidor_minecraft/libraries/net/minecraftforge/forge/1.20.1-47.3.7/forge-1.20.1-47.3.7-universal.jar with languages [LanguageSpec[languageName=javafml, acceptedVersions=[24,]]]
[18Oct2025 22:04:42.823] [main/DEBUG] [net.minecraftforge.fml.loading.moddiscovery.ModFileParser/LOADING]: Found coremod field_to_method with Javascript path coremods/field_to_method.js
[18Oct2025 22:04:42.825] [main/DEBUG] [net.minecraftforge.fml.loading.moddiscovery.ModFileParser/LOADING]: Found coremod field_to_instanceof with Javascript path coremods/field_to_instanceof.js
[18Oct2025 22:04:42.825] [main/DEBUG] [net.minecraftforge.fml.loading.moddiscovery.ModFileParser/LOADING]: Found coremod add_bouncer_method with Javascript path coremods/add_bouncer_method.js
[18Oct2025 22:04:42.826] [main/DEBUG] [net.minecraftforge.fml.loading.moddiscovery.ModFileParser/LOADING]: Found coremod method_redirector with Javascript path coremods/method_redirector.js
[18Oct2025 22:04:42.826] [main/DEBUG] [net.minecraftforge.fml.loading.moddiscovery.ModFile/LOADING]: Found coremod coremods/field_to_method.js
[18Oct2025 22:04:42.826] [main/DEBUG] [net.minecraftforge.fml.loading.moddiscovery.ModFile/LOADING]: Found coremod coremods/field_to_instanceof.js
[18Oct2025 22:04:42.826] [main/DEBUG] [net.minecraftforge.fml.loading.moddiscovery.ModFile/LOADING]: Found coremod coremods/add_bouncer_method.js
[18Oct2025 22:04:42.827] [main/DEBUG] [net.minecraftforge.fml.loading.moddiscovery.ModFile/LOADING]: Found coremod coremods/method_redirector.js
[18Oct2025 22:04:42.827] [main/DEBUG] [net.minecraftforge.fml.loading.moddiscovery.ModFileParser/LOADING]: Considering mod file candidate /workspaces/MedievalCraft-2/servidor_minecraft/mods/Towns-and-Towers-1.11-Fabric+Forge.jar
[18Oct2025 22:04:42.827] [main/DEBUG] [net.minecraftforge.fml.loading.moddiscovery.ModFileInfo/LOADING]: Found valid mod file Towns-and-Towers-1.11-Fabric+Forge.jar with {t_and_t} mods - versions {0.0NONE}
[18Oct2025 22:04:42.828] [main/DEBUG] [net.minecraftforge.fml.loading.moddiscovery.ModFile/LOADING]: Loading mod file /workspaces/MedievalCraft-2/servidor_minecraft/mods/Towns-and-Towers-1.11-Fabric+Forge.jar with languages [LanguageSpec[languageName=javafml, acceptedVersions=[43,)]]
[18Oct2025 22:04:42.828] [main/DEBUG] [net.minecraftforge.fml.loading.moddiscovery.ModFileParser/LOADING]: Considering mod file candidate /workspaces/MedievalCraft-2/servidor_minecraft/mods/PlayerRevive_FORGE_v2.0.31_mc1.20.1.jar
[18Oct2025 22:04:42.828] [main/DEBUG] [net.minecraftforge.fml.loading.moddiscovery.ModFileInfo/LOADING]: Found valid mod file PlayerRevive_FORGE_v2.0.31_mc1.20.1.jar with {playerrevive} mods - versions {2.0.31}
[18Oct2025 22:04:42.829] [main/DEBUG] [net.minecraftforge.fml.loading.moddiscovery.ModFile/LOADING]: Loading mod file /workspaces/MedievalCraft-2/servidor_minecraft/mods/PlayerRevive_FORGE_v2.0.31_mc1.20.1.jar with languages [LanguageSpec[languageName=javafml, acceptedVersions=[46,)]]
[18Oct2025 22:04:42.829] [main/DEBUG] [net.minecraftforge.fml.loading.moddiscovery.ModFileParser/LOADING]: Considering mod file candidate /workspaces/MedievalCraft-2/servidor_minecraft/mods/jauml-1.0.4b-forge-1.20.1.jar
[18Oct2025 22:04:42.830] [main/DEBUG] [net.minecraftforge.fml.loading.moddiscovery.ModFileInfo/LOADING]: Found valid mod file jauml-1.0.4b-forge-1.20.1.jar with {jauml} mods - versions {1.0.4b-forge-1.20.1}
[18Oct2025 22:04:42.830] [main/DEBUG] [net.minecraftforge.fml.loading.moddiscovery.ModFile/LOADING]: Loading mod file /workspaces/MedievalCraft-2/servidor_minecraft/mods/jauml-1.0.4b-forge-1.20.1.jar with languages [LanguageSpec[languageName=javafml, acceptedVersions=[47,)]]
[18Oct2025 22:04:42.830] [main/DEBUG] [net.minecraftforge.fml.loading.moddiscovery.ModFileParser/LOADING]: Considering mod file candidate /workspaces/MedievalCraft-2/servidor_minecraft/mods/cristellib-1.1.6-forge.jar
[18Oct2025 22:04:42.831] [main/DEBUG] [net.minecraftforge.fml.loading.moddiscovery.ModFileInfo/LOADING]: Found valid mod file cristellib-1.1.6-forge.jar with {cristellib} mods - versions {1.1.6}
[18Oct2025 22:04:42.831] [main/DEBUG] [net.minecraftforge.fml.loading.moddiscovery.ModFile/LOADING]: Loading mod file /workspaces/MedievalCraft-2/servidor_minecraft/mods/cristellib-1.1.6-forge.jar with languages [LanguageSpec[languageName=javafml, acceptedVersions=[47,)]]
[18Oct2025 22:04:42.831] [main/DEBUG] [net.minecraftforge.fml.loading.moddiscovery.ModFile/LOADING]: Loading mod file  with languages []
[18Oct2025 22:04:42.831] [main/DEBUG] [net.minecraftforge.fml.loading.moddiscovery.ModFile/LOADING]: Loading mod file  with languages []
[18Oct2025 22:04:42.832] [main/DEBUG] [net.minecraftforge.fml.loading.moddiscovery.ModFile/LOADING]: Loading mod file  with languages []
[18Oct2025 22:04:42.832] [main/DEBUG] [net.minecraftforge.fml.loading.moddiscovery.ModFile/LOADING]: Loading mod file  with languages []
[18Oct2025 22:04:42.832] [main/DEBUG] [net.minecraftforge.fml.loading.moddiscovery.ModFile/LOADING]: Loading mod file  with languages []
[18Oct2025 22:04:42.832] [main/DEBUG] [net.minecraftforge.fml.loading.moddiscovery.ModFile/LOADING]: Loading mod file  with languages []
[18Oct2025 22:04:42.833] [main/DEBUG] [cpw.mods.modlauncher.TransformationServiceDecorator/MODLAUNCHER]: End scan trigger - transformation service fml
[18Oct2025 22:04:42.847] [main/DEBUG] [net.minecraftforge.fml.loading.LanguageLoadingProvider/CORE]: Found 3 language providers
[18Oct2025 22:04:42.849] [main/DEBUG] [net.minecraftforge.fml.loading.LanguageLoadingProvider/CORE]: Found language provider minecraft, version 1.0
[18Oct2025 22:04:42.851] [main/DEBUG] [net.minecraftforge.fml.loading.LanguageLoadingProvider/CORE]: Found language provider lowcodefml, version 47
[18Oct2025 22:04:42.852] [main/DEBUG] [net.minecraftforge.fml.loading.LanguageLoadingProvider/CORE]: Found language provider javafml, version 47
[18Oct2025 22:04:42.856] [main/DEBUG] [net.minecraftforge.fml.loading.UniqueModListBuilder/]: Found 2 mods for first modid mclib, selecting most recent based on version data
[18Oct2025 22:04:42.857] [main/DEBUG] [net.minecraftforge.fml.loading.UniqueModListBuilder/]: Selected file mclib-20.jar for modid mclib with version 0.0NONE
[18Oct2025 22:04:42.857] [main/DEBUG] [net.minecraftforge.fml.loading.UniqueModListBuilder/]: Found 2 mods for first modid jankson, selecting most recent based on version data
[18Oct2025 22:04:42.857] [main/DEBUG] [net.minecraftforge.fml.loading.UniqueModListBuilder/]: Selected file jankson-1.2.3.jar for modid jankson with version 0.0NONE
[18Oct2025 22:04:42.857] [main/DEBUG] [net.minecraftforge.fml.loading.UniqueModListBuilder/]: Found 2 mods for first modid Registrate.MC1._20, selecting most recent based on version data
[18Oct2025 22:04:42.858] [main/DEBUG] [net.minecraftforge.fml.loading.UniqueModListBuilder/]: Selected file Registrate-MC1.20-1.3.3.jar for modid Registrate.MC1._20 with version 0.0NONE
[18Oct2025 22:04:42.859] [main/DEBUG] [net.minecraftforge.fml.loading.ModSorter/]: Configured system mods: [minecraft, forge]
[18Oct2025 22:04:42.859] [main/DEBUG] [net.minecraftforge.fml.loading.ModSorter/]: Found system mod: minecraft
[18Oct2025 22:04:42.859] [main/DEBUG] [net.minecraftforge.fml.loading.ModSorter/]: Found system mod: forge
[18Oct2025 22:04:42.863] [main/DEBUG] [net.minecraftforge.fml.loading.ModSorter/LOADING]: Found 617 mod requirements (612 mandatory, 5 optional)
[18Oct2025 22:04:42.866] [main/DEBUG] [net.minecraftforge.fml.loading.ModSorter/LOADING]: Found 0 mod requirements missing (0 mandatory, 0 optional)
[18Oct2025 22:04:43.557] [main/DEBUG] [cpw.mods.modlauncher.TransformationServicesHandler/MODLAUNCHER]: Transformation services loading transformers
[18Oct2025 22:04:43.560] [main/DEBUG] [cpw.mods.modlauncher.TransformationServiceDecorator/MODLAUNCHER]: Initializing transformers for transformation service mixin
[18Oct2025 22:04:43.561] [main/DEBUG] [cpw.mods.modlauncher.TransformationServiceDecorator/MODLAUNCHER]: Initialized transformers for transformation service mixin
[18Oct2025 22:04:43.562] [main/DEBUG] [cpw.mods.modlauncher.TransformationServiceDecorator/MODLAUNCHER]: Initializing transformers for transformation service fml
[18Oct2025 22:04:43.562] [main/DEBUG] [net.minecraftforge.fml.loading.FMLServiceProvider/CORE]: Loading coremod transformers
[18Oct2025 22:04:43.563] [main/DEBUG] [net.minecraftforge.coremod.CoreModEngine/COREMOD]: Loading CoreMod from coremods/field_to_method.js
[18Oct2025 22:04:43.920] [main/DEBUG] [net.minecraftforge.coremod.CoreModEngine/COREMOD]: CoreMod loaded successfully
[18Oct2025 22:04:43.921] [main/DEBUG] [net.minecraftforge.coremod.CoreModEngine/COREMOD]: Loading CoreMod from coremods/field_to_instanceof.js
[18Oct2025 22:04:44.096] [main/DEBUG] [net.minecraftforge.coremod.CoreModEngine/COREMOD]: CoreMod loaded successfully
[18Oct2025 22:04:44.096] [main/DEBUG] [net.minecraftforge.coremod.CoreModEngine/COREMOD]: Loading CoreMod from coremods/add_bouncer_method.js
[18Oct2025 22:04:44.197] [main/DEBUG] [net.minecraftforge.coremod.CoreModEngine/COREMOD]: CoreMod loaded successfully
[18Oct2025 22:04:44.198] [main/DEBUG] [net.minecraftforge.coremod.CoreModEngine/COREMOD]: Loading CoreMod from coremods/method_redirector.js
[18Oct2025 22:04:44.336] [main/DEBUG] [net.minecraftforge.coremod.CoreModEngine/COREMOD]: CoreMod loaded successfully
[18Oct2025 22:04:44.355] [main/DEBUG] [cpw.mods.modlauncher.TransformStore/MODLAUNCHER]: Adding transformer net.minecraftforge.coremod.transformer.CoreModClassTransformer@7e307087 to Target : CLASS {Lnet/minecraft/world/level/biome/Biome;} {} {V}
[18Oct2025 22:04:44.357] [main/DEBUG] [cpw.mods.modlauncher.TransformStore/MODLAUNCHER]: Adding transformer net.minecraftforge.coremod.transformer.CoreModClassTransformer@d08edc5 to Target : CLASS {Lnet/minecraft/world/level/levelgen/structure/Structure;} {} {V}
[18Oct2025 22:04:44.358] [main/DEBUG] [cpw.mods.modlauncher.TransformStore/MODLAUNCHER]: Adding transformer net.minecraftforge.coremod.transformer.CoreModClassTransformer@49fa1d74 to Target : CLASS {Lnet/minecraft/world/effect/MobEffectInstance;} {} {V}
[18Oct2025 22:04:44.358] [main/DEBUG] [cpw.mods.modlauncher.TransformStore/MODLAUNCHER]: Adding transformer net.minecraftforge.coremod.transformer.CoreModClassTransformer@3f362135 to Target : CLASS {Lnet/minecraft/world/level/block/LiquidBlock;} {} {V}
[18Oct2025 22:04:44.358] [main/DEBUG] [cpw.mods.modlauncher.TransformStore/MODLAUNCHER]: Adding transformer net.minecraftforge.coremod.transformer.CoreModClassTransformer@21eee94f to Target : CLASS {Lnet/minecraft/world/item/BucketItem;} {} {V}
[18Oct2025 22:04:44.358] [main/DEBUG] [cpw.mods.modlauncher.TransformStore/MODLAUNCHER]: Adding transformer net.minecraftforge.coremod.transformer.CoreModClassTransformer@6bc24e72 to Target : CLASS {Lnet/minecraft/world/level/block/StairBlock;} {} {V}
[18Oct2025 22:04:44.358] [main/DEBUG] [cpw.mods.modlauncher.TransformStore/MODLAUNCHER]: Adding transformer net.minecraftforge.coremod.transformer.CoreModClassTransformer@724aefc3 to Target : CLASS {Lnet/minecraft/world/level/block/FlowerPotBlock;} {} {V}
[18Oct2025 22:04:44.359] [main/DEBUG] [cpw.mods.modlauncher.TransformStore/MODLAUNCHER]: Adding transformer net.minecraftforge.coremod.transformer.CoreModClassTransformer@7cfb4736 to Target : CLASS {Lnet/minecraft/world/item/ItemStack;} {} {V}
[18Oct2025 22:04:44.359] [main/DEBUG] [cpw.mods.modlauncher.TransformStore/MODLAUNCHER]: Adding transformer net.minecraftforge.coremod.transformer.CoreModClassTransformer@2a097d77 to Target : CLASS {Lnet/minecraft/network/play/client/CClientSettingsPacket;} {} {V}
[18Oct2025 22:04:44.360] [main/DEBUG] [cpw.mods.modlauncher.TransformStore/MODLAUNCHER]: Adding transformer net.minecraftforge.coremod.transformer.CoreModClassTransformer@53c1179a to Target : CLASS {Lnet/minecraft/world/level/levelgen/structure/structures/OceanMonumentPieces$OceanMonumentPiece;} {} {V}
[18Oct2025 22:04:44.360] [main/DEBUG] [cpw.mods.modlauncher.TransformStore/MODLAUNCHER]: Adding transformer net.minecraftforge.coremod.transformer.CoreModClassTransformer@53c1179a to Target : CLASS {Lnet/minecraft/world/level/levelgen/structure/structures/SwampHutPiece;} {} {V}
[18Oct2025 22:04:44.361] [main/DEBUG] [cpw.mods.modlauncher.TransformStore/MODLAUNCHER]: Adding transformer net.minecraftforge.coremod.transformer.CoreModClassTransformer@53c1179a to Target : CLASS {Lnet/minecraft/server/commands/RaidCommand;} {} {V}
[18Oct2025 22:04:44.361] [main/DEBUG] [cpw.mods.modlauncher.TransformStore/MODLAUNCHER]: Adding transformer net.minecraftforge.coremod.transformer.CoreModClassTransformer@53c1179a to Target : CLASS {Lnet/minecraft/world/entity/monster/ZombieVillager;} {} {V}
[18Oct2025 22:04:44.361] [main/DEBUG] [cpw.mods.modlauncher.TransformStore/MODLAUNCHER]: Adding transformer net.minecraftforge.coremod.transformer.CoreModClassTransformer@53c1179a to Target : CLASS {Lnet/minecraft/server/commands/SummonCommand;} {} {V}
[18Oct2025 22:04:44.361] [main/DEBUG] [cpw.mods.modlauncher.TransformStore/MODLAUNCHER]: Adding transformer net.minecraftforge.coremod.transformer.CoreModClassTransformer@53c1179a to Target : CLASS {Lnet/minecraft/world/level/levelgen/structure/structures/WoodlandMansionPieces$WoodlandMansionPiece;} {} {V}
[18Oct2025 22:04:44.362] [main/DEBUG] [cpw.mods.modlauncher.TransformStore/MODLAUNCHER]: Adding transformer net.minecraftforge.coremod.transformer.CoreModClassTransformer@53c1179a to Target : CLASS {Lnet/minecraft/world/entity/raid/Raid;} {} {V}
[18Oct2025 22:04:44.362] [main/DEBUG] [cpw.mods.modlauncher.TransformStore/MODLAUNCHER]: Adding transformer net.minecraftforge.coremod.transformer.CoreModClassTransformer@53c1179a to Target : CLASS {Lnet/minecraft/world/level/NaturalSpawner;} {} {V}
[18Oct2025 22:04:44.362] [main/DEBUG] [cpw.mods.modlauncher.TransformStore/MODLAUNCHER]: Adding transformer net.minecraftforge.coremod.transformer.CoreModClassTransformer@53c1179a to Target : CLASS {Lnet/minecraft/world/entity/EntityType;} {} {V}
[18Oct2025 22:04:44.362] [main/DEBUG] [cpw.mods.modlauncher.TransformStore/MODLAUNCHER]: Adding transformer net.minecraftforge.coremod.transformer.CoreModClassTransformer@53c1179a to Target : CLASS {Lnet/minecraft/world/entity/animal/horse/SkeletonTrapGoal;} {} {V}
[18Oct2025 22:04:44.362] [main/DEBUG] [cpw.mods.modlauncher.TransformStore/MODLAUNCHER]: Adding transformer net.minecraftforge.coremod.transformer.CoreModClassTransformer@53c1179a to Target : CLASS {Lnet/minecraft/world/level/levelgen/PatrolSpawner;} {} {V}
[18Oct2025 22:04:44.362] [main/DEBUG] [cpw.mods.modlauncher.TransformStore/MODLAUNCHER]: Adding transformer net.minecraftforge.coremod.transformer.CoreModClassTransformer@53c1179a to Target : CLASS {Lnet/minecraft/world/level/levelgen/structure/templatesystem/StructureTemplate;} {} {V}
[18Oct2025 22:04:44.362] [main/DEBUG] [cpw.mods.modlauncher.TransformStore/MODLAUNCHER]: Adding transformer net.minecraftforge.coremod.transformer.CoreModClassTransformer@53c1179a to Target : CLASS {Lnet/minecraft/world/entity/animal/frog/Tadpole;} {} {V}
[18Oct2025 22:04:44.362] [main/DEBUG] [cpw.mods.modlauncher.TransformStore/MODLAUNCHER]: Adding transformer net.minecraftforge.coremod.transformer.CoreModClassTransformer@53c1179a to Target : CLASS {Lnet/minecraft/world/entity/npc/Villager;} {} {V}
[18Oct2025 22:04:44.362] [main/DEBUG] [cpw.mods.modlauncher.TransformStore/MODLAUNCHER]: Adding transformer net.minecraftforge.coremod.transformer.CoreModClassTransformer@53c1179a to Target : CLASS {Lnet/minecraft/world/entity/monster/Strider;} {} {V}
[18Oct2025 22:04:44.364] [main/DEBUG] [cpw.mods.modlauncher.TransformStore/MODLAUNCHER]: Adding transformer net.minecraftforge.coremod.transformer.CoreModClassTransformer@53c1179a to Target : CLASS {Lnet/minecraft/world/entity/ai/village/VillageSiege;} {} {V}
[18Oct2025 22:04:44.365] [main/DEBUG] [cpw.mods.modlauncher.TransformStore/MODLAUNCHER]: Adding transformer net.minecraftforge.coremod.transformer.CoreModClassTransformer@53c1179a to Target : CLASS {Lnet/minecraft/world/entity/monster/Spider;} {} {V}
[18Oct2025 22:04:44.365] [main/DEBUG] [cpw.mods.modlauncher.TransformStore/MODLAUNCHER]: Adding transformer net.minecraftforge.coremod.transformer.CoreModClassTransformer@53c1179a to Target : CLASS {Lnet/minecraft/world/level/levelgen/structure/structures/OceanRuinPieces$OceanRuinPiece;} {} {V}
[18Oct2025 22:04:44.366] [main/DEBUG] [cpw.mods.modlauncher.TransformStore/MODLAUNCHER]: Adding transformer net.minecraftforge.coremod.transformer.CoreModClassTransformer@53c1179a to Target : CLASS {Lnet/minecraft/world/entity/monster/Evoker$EvokerSummonSpellGoal;} {} {V}
[18Oct2025 22:04:44.366] [main/DEBUG] [cpw.mods.modlauncher.TransformStore/MODLAUNCHER]: Adding transformer net.minecraftforge.coremod.transformer.CoreModClassTransformer@53c1179a to Target : CLASS {Lnet/minecraft/world/entity/monster/Zombie;} {} {V}
[18Oct2025 22:04:44.366] [main/DEBUG] [cpw.mods.modlauncher.TransformStore/MODLAUNCHER]: Adding transformer net.minecraftforge.coremod.transformer.CoreModClassTransformer@53c1179a to Target : CLASS {Lnet/minecraft/world/entity/npc/CatSpawner;} {} {V}
[18Oct2025 22:04:44.366] [main/DEBUG] [cpw.mods.modlauncher.TransformStore/MODLAUNCHER]: Adding transformer net.minecraftforge.coremod.transformer.CoreModClassTransformer@53c1179a to Target : CLASS {Lnet/minecraft/world/level/levelgen/PhantomSpawner;} {} {V}
[18Oct2025 22:04:44.367] [main/DEBUG] [cpw.mods.modlauncher.TransformationServiceDecorator/MODLAUNCHER]: Initialized transformers for transformation service fml
[18Oct2025 22:04:46.461] [main/DEBUG] [mixin/]: Processing prepare() for PlatformAgent[MixinPlatformAgentDefault:ModLauncher Root Container(ModLauncher:4f56a0a2)]
[18Oct2025 22:04:46.461] [main/DEBUG] [mixin/]: Processing launch tasks for PlatformAgent[MixinPlatformAgentDefault:ModLauncher Root Container(ModLauncher:4f56a0a2)]
[18Oct2025 22:04:46.462] [main/DEBUG] [mixin/]: Adding mixin platform agents for container SecureJarResource(minecraft)
[18Oct2025 22:04:46.462] [main/DEBUG] [mixin/]: Instancing new MixinPlatformAgentMinecraftForge for SecureJarResource(minecraft)
[18Oct2025 22:04:46.462] [main/DEBUG] [mixin/]: MixinPlatformAgentMinecraftForge rejected container SecureJarResource(minecraft)
[18Oct2025 22:04:46.462] [main/DEBUG] [mixin/]: Instancing new MixinPlatformAgentDefault for SecureJarResource(minecraft)
[18Oct2025 22:04:46.462] [main/DEBUG] [mixin/]: MixinPlatformAgentDefault accepted container SecureJarResource(minecraft)
[18Oct2025 22:04:46.462] [main/DEBUG] [mixin/]: Processing prepare() for PlatformAgent[MixinPlatformAgentDefault:SecureJarResource(minecraft)]
[18Oct2025 22:04:46.463] [main/DEBUG] [mixin/]: Adding mixin platform agents for container SecureJarResource(easy_npc)
[18Oct2025 22:04:46.463] [main/DEBUG] [mixin/]: Instancing new MixinPlatformAgentMinecraftForge for SecureJarResource(easy_npc)
[18Oct2025 22:04:46.463] [main/DEBUG] [mixin/]: MixinPlatformAgentMinecraftForge rejected container SecureJarResource(easy_npc)
[18Oct2025 22:04:46.466] [main/DEBUG] [mixin/]: Instancing new MixinPlatformAgentDefault for SecureJarResource(easy_npc)
[18Oct2025 22:04:46.466] [main/DEBUG] [mixin/]: MixinPlatformAgentDefault accepted container SecureJarResource(easy_npc)
[18Oct2025 22:04:46.466] [main/DEBUG] [mixin/]: Processing prepare() for PlatformAgent[MixinPlatformAgentDefault:SecureJarResource(easy_npc)]
[18Oct2025 22:04:46.466] [main/DEBUG] [mixin/]: Adding mixin platform agents for container SecureJarResource(mowziesmobs)
[18Oct2025 22:04:46.466] [main/DEBUG] [mixin/]: Instancing new MixinPlatformAgentMinecraftForge for SecureJarResource(mowziesmobs)
[18Oct2025 22:04:46.467] [main/DEBUG] [mixin/]: MixinPlatformAgentMinecraftForge rejected container SecureJarResource(mowziesmobs)
[18Oct2025 22:04:46.467] [main/DEBUG] [mixin/]: Instancing new MixinPlatformAgentDefault for SecureJarResource(mowziesmobs)
[18Oct2025 22:04:46.467] [main/DEBUG] [mixin/]: MixinPlatformAgentDefault accepted container SecureJarResource(mowziesmobs)
[18Oct2025 22:04:46.467] [main/DEBUG] [mixin/]: Processing prepare() for PlatformAgent[MixinPlatformAgentDefault:SecureJarResource(mowziesmobs)]
[18Oct2025 22:04:46.467] [main/DEBUG] [mixin/]: Registering mixin config: mowziesmobs.mixins.json
[18Oct2025 22:04:46.504] [main/DEBUG] [mixin/]: Compatibility level JAVA_17 specified by mowziesmobs.mixins.json is higher than the maximum level supported by this version of mixin (JAVA_13).
[18Oct2025 22:04:46.515] [main/INFO] [mixin/]: Compatibility level set to JAVA_17
[18Oct2025 22:04:46.516] [main/DEBUG] [mixin/]: Adding mixin platform agents for container SecureJarResource(geckolib)
[18Oct2025 22:04:46.518] [main/DEBUG] [mixin/]: Instancing new MixinPlatformAgentMinecraftForge for SecureJarResource(geckolib)
[18Oct2025 22:04:46.518] [main/DEBUG] [mixin/]: MixinPlatformAgentMinecraftForge rejected container SecureJarResource(geckolib)
[18Oct2025 22:04:46.518] [main/DEBUG] [mixin/]: Instancing new MixinPlatformAgentDefault for SecureJarResource(geckolib)
[18Oct2025 22:04:46.518] [main/DEBUG] [mixin/]: MixinPlatformAgentDefault accepted container SecureJarResource(geckolib)
[18Oct2025 22:04:46.518] [main/DEBUG] [mixin/]: Processing prepare() for PlatformAgent[MixinPlatformAgentDefault:SecureJarResource(geckolib)]
[18Oct2025 22:04:46.519] [main/DEBUG] [mixin/]: Registering mixin config: geckolib.mixins.json
[18Oct2025 22:04:46.525] [main/DEBUG] [mixin/]: Adding mixin platform agents for container SecureJarResource(creativecore)
[18Oct2025 22:04:46.525] [main/DEBUG] [mixin/]: Instancing new MixinPlatformAgentMinecraftForge for SecureJarResource(creativecore)
[18Oct2025 22:04:46.525] [main/DEBUG] [mixin/]: MixinPlatformAgentMinecraftForge rejected container SecureJarResource(creativecore)
[18Oct2025 22:04:46.525] [main/DEBUG] [mixin/]: Instancing new MixinPlatformAgentDefault for SecureJarResource(creativecore)
[18Oct2025 22:04:46.526] [main/DEBUG] [mixin/]: MixinPlatformAgentDefault accepted container SecureJarResource(creativecore)
[18Oct2025 22:04:46.526] [main/DEBUG] [mixin/]: Processing prepare() for PlatformAgent[MixinPlatformAgentDefault:SecureJarResource(creativecore)]
[18Oct2025 22:04:46.526] [main/DEBUG] [mixin/]: Registering mixin config: creativecore.mixins.json
[18Oct2025 22:04:46.530] [main/DEBUG] [mixin/]: Registering mixin config: creativecore.forge.mixins.json
[18Oct2025 22:04:46.536] [main/DEBUG] [mixin/]: Adding mixin platform agents for container SecureJarResource(curios)
[18Oct2025 22:04:46.536] [main/DEBUG] [mixin/]: Instancing new MixinPlatformAgentMinecraftForge for SecureJarResource(curios)
[18Oct2025 22:04:46.536] [main/DEBUG] [mixin/]: MixinPlatformAgentMinecraftForge rejected container SecureJarResource(curios)
[18Oct2025 22:04:46.536] [main/DEBUG] [mixin/]: Instancing new MixinPlatformAgentDefault for SecureJarResource(curios)
[18Oct2025 22:04:46.537] [main/DEBUG] [mixin/]: MixinPlatformAgentDefault accepted container SecureJarResource(curios)
[18Oct2025 22:04:46.537] [main/DEBUG] [mixin/]: Processing prepare() for PlatformAgent[MixinPlatformAgentDefault:SecureJarResource(curios)]
[18Oct2025 22:04:46.537] [main/DEBUG] [mixin/]: Registering mixin config: curios.mixins.json
[18Oct2025 22:04:46.539] [main/DEBUG] [mixin/]: Adding mixin platform agents for container SecureJarResource(dungeons_and_combat)
[18Oct2025 22:04:46.541] [main/DEBUG] [mixin/]: Instancing new MixinPlatformAgentMinecraftForge for SecureJarResource(dungeons_and_combat)
[18Oct2025 22:04:46.541] [main/DEBUG] [mixin/]: MixinPlatformAgentMinecraftForge rejected container SecureJarResource(dungeons_and_combat)
[18Oct2025 22:04:46.541] [main/DEBUG] [mixin/]: Instancing new MixinPlatformAgentDefault for SecureJarResource(dungeons_and_combat)
[18Oct2025 22:04:46.541] [main/DEBUG] [mixin/]: MixinPlatformAgentDefault accepted container SecureJarResource(dungeons_and_combat)
[18Oct2025 22:04:46.541] [main/DEBUG] [mixin/]: Processing prepare() for PlatformAgent[MixinPlatformAgentDefault:SecureJarResource(dungeons_and_combat)]
[18Oct2025 22:04:46.541] [main/DEBUG] [mixin/]: Adding mixin platform agents for container SecureJarResource(citadel)
[18Oct2025 22:04:46.541] [main/DEBUG] [mixin/]: Instancing new MixinPlatformAgentMinecraftForge for SecureJarResource(citadel)
[18Oct2025 22:04:46.542] [main/DEBUG] [mixin/]: MixinPlatformAgentMinecraftForge rejected container SecureJarResource(citadel)
[18Oct2025 22:04:46.542] [main/DEBUG] [mixin/]: Instancing new MixinPlatformAgentDefault for SecureJarResource(citadel)
[18Oct2025 22:04:46.545] [main/DEBUG] [mixin/]: MixinPlatformAgentDefault accepted container SecureJarResource(citadel)
[18Oct2025 22:04:46.545] [main/DEBUG] [mixin/]: Processing prepare() for PlatformAgent[MixinPlatformAgentDefault:SecureJarResource(citadel)]
[18Oct2025 22:04:46.545] [main/DEBUG] [mixin/]: Registering mixin config: citadel.mixins.json
[18Oct2025 22:04:46.547] [main/DEBUG] [mixin/]: Adding mixin platform agents for container SecureJarResource(alexsmobs)
[18Oct2025 22:04:46.547] [main/DEBUG] [mixin/]: Instancing new MixinPlatformAgentMinecraftForge for SecureJarResource(alexsmobs)
[18Oct2025 22:04:46.550] [main/DEBUG] [mixin/]: MixinPlatformAgentMinecraftForge rejected container SecureJarResource(alexsmobs)
[18Oct2025 22:04:46.552] [main/DEBUG] [mixin/]: Instancing new MixinPlatformAgentDefault for SecureJarResource(alexsmobs)
[18Oct2025 22:04:46.552] [main/DEBUG] [mixin/]: MixinPlatformAgentDefault accepted container SecureJarResource(alexsmobs)
[18Oct2025 22:04:46.552] [main/DEBUG] [mixin/]: Processing prepare() for PlatformAgent[MixinPlatformAgentDefault:SecureJarResource(alexsmobs)]
[18Oct2025 22:04:46.552] [main/DEBUG] [mixin/]: Registering mixin config: citadel.mixins.json
[18Oct2025 22:04:46.552] [main/DEBUG] [mixin/]: Adding mixin platform agents for container SecureJarResource(backpacked)
[18Oct2025 22:04:46.552] [main/DEBUG] [mixin/]: Instancing new MixinPlatformAgentMinecraftForge for SecureJarResource(backpacked)
[18Oct2025 22:04:46.552] [main/DEBUG] [mixin/]: MixinPlatformAgentMinecraftForge rejected container SecureJarResource(backpacked)
[18Oct2025 22:04:46.553] [main/DEBUG] [mixin/]: Instancing new MixinPlatformAgentDefault for SecureJarResource(backpacked)
[18Oct2025 22:04:46.553] [main/DEBUG] [mixin/]: MixinPlatformAgentDefault accepted container SecureJarResource(backpacked)
[18Oct2025 22:04:46.553] [main/DEBUG] [mixin/]: Processing prepare() for PlatformAgent[MixinPlatformAgentDefault:SecureJarResource(backpacked)]
[18Oct2025 22:04:46.553] [main/DEBUG] [mixin/]: Registering mixin config: backpacked.forge.mixins.json
[18Oct2025 22:04:46.556] [main/DEBUG] [mixin/]: Registering mixin config: backpacked.common.mixins.json
[18Oct2025 22:04:46.560] [main/DEBUG] [mixin/]: Adding mixin platform agents for container SecureJarResource(memory_of_the_past)
[18Oct2025 22:04:46.560] [main/DEBUG] [mixin/]: Instancing new MixinPlatformAgentMinecraftForge for SecureJarResource(memory_of_the_past)
[18Oct2025 22:04:46.562] [main/DEBUG] [mixin/]: MixinPlatformAgentMinecraftForge rejected container SecureJarResource(memory_of_the_past)
[18Oct2025 22:04:46.562] [main/DEBUG] [mixin/]: Instancing new MixinPlatformAgentDefault for SecureJarResource(memory_of_the_past)
[18Oct2025 22:04:46.562] [main/DEBUG] [mixin/]: MixinPlatformAgentDefault accepted container SecureJarResource(memory_of_the_past)
[18Oct2025 22:04:46.562] [main/DEBUG] [mixin/]: Processing prepare() for PlatformAgent[MixinPlatformAgentDefault:SecureJarResource(memory_of_the_past)]
[18Oct2025 22:04:46.563] [main/DEBUG] [mixin/]: Adding mixin platform agents for container SecureJarResource(ascendant_mobs)
[18Oct2025 22:04:46.563] [main/DEBUG] [mixin/]: Instancing new MixinPlatformAgentMinecraftForge for SecureJarResource(ascendant_mobs)
[18Oct2025 22:04:46.563] [main/DEBUG] [mixin/]: MixinPlatformAgentMinecraftForge rejected container SecureJarResource(ascendant_mobs)
[18Oct2025 22:04:46.563] [main/DEBUG] [mixin/]: Instancing new MixinPlatformAgentDefault for SecureJarResource(ascendant_mobs)
[18Oct2025 22:04:46.563] [main/DEBUG] [mixin/]: MixinPlatformAgentDefault accepted container SecureJarResource(ascendant_mobs)
[18Oct2025 22:04:46.563] [main/DEBUG] [mixin/]: Processing prepare() for PlatformAgent[MixinPlatformAgentDefault:SecureJarResource(ascendant_mobs)]
[18Oct2025 22:04:46.563] [main/DEBUG] [mixin/]: Adding mixin platform agents for container SecureJarResource(tlc)
[18Oct2025 22:04:46.563] [main/DEBUG] [mixin/]: Instancing new MixinPlatformAgentMinecraftForge for SecureJarResource(tlc)
[18Oct2025 22:04:46.563] [main/DEBUG] [mixin/]: MixinPlatformAgentMinecraftForge rejected container SecureJarResource(tlc)
[18Oct2025 22:04:46.564] [main/DEBUG] [mixin/]: Instancing new MixinPlatformAgentDefault for SecureJarResource(tlc)
[18Oct2025 22:04:46.564] [main/DEBUG] [mixin/]: MixinPlatformAgentDefault accepted container SecureJarResource(tlc)
[18Oct2025 22:04:46.564] [main/DEBUG] [mixin/]: Processing prepare() for PlatformAgent[MixinPlatformAgentDefault:SecureJarResource(tlc)]
[18Oct2025 22:04:46.564] [main/DEBUG] [mixin/]: Registering mixin config: tlc.mixins.json
[18Oct2025 22:04:46.568] [main/DEBUG] [mixin/]: Adding mixin platform agents for container SecureJarResource(iceandfire)
[18Oct2025 22:04:46.570] [main/DEBUG] [mixin/]: Instancing new MixinPlatformAgentMinecraftForge for SecureJarResource(iceandfire)
[18Oct2025 22:04:46.570] [main/DEBUG] [mixin/]: MixinPlatformAgentMinecraftForge rejected container SecureJarResource(iceandfire)
[18Oct2025 22:04:46.571] [main/DEBUG] [mixin/]: Instancing new MixinPlatformAgentDefault for SecureJarResource(iceandfire)
[18Oct2025 22:04:46.571] [main/DEBUG] [mixin/]: MixinPlatformAgentDefault accepted container SecureJarResource(iceandfire)
[18Oct2025 22:04:46.571] [main/DEBUG] [mixin/]: Processing prepare() for PlatformAgent[MixinPlatformAgentDefault:SecureJarResource(iceandfire)]
[18Oct2025 22:04:46.571] [main/DEBUG] [mixin/]: Registering mixin config: iceandfire.mixins.json
[18Oct2025 22:04:46.573] [main/DEBUG] [mixin/]: Adding mixin platform agents for container SecureJarResource(catalogue)
[18Oct2025 22:04:46.575] [main/DEBUG] [mixin/]: Instancing new MixinPlatformAgentMinecraftForge for SecureJarResource(catalogue)
[18Oct2025 22:04:46.575] [main/DEBUG] [mixin/]: MixinPlatformAgentMinecraftForge rejected container SecureJarResource(catalogue)
[18Oct2025 22:04:46.575] [main/DEBUG] [mixin/]: Instancing new MixinPlatformAgentDefault for SecureJarResource(catalogue)
[18Oct2025 22:04:46.576] [main/DEBUG] [mixin/]: MixinPlatformAgentDefault accepted container SecureJarResource(catalogue)
[18Oct2025 22:04:46.578] [main/DEBUG] [mixin/]: Processing prepare() for PlatformAgent[MixinPlatformAgentDefault:SecureJarResource(catalogue)]
[18Oct2025 22:04:46.578] [main/DEBUG] [mixin/]: Adding mixin platform agents for container SecureJarResource(framework)
[18Oct2025 22:04:46.578] [main/DEBUG] [mixin/]: Instancing new MixinPlatformAgentMinecraftForge for SecureJarResource(framework)
[18Oct2025 22:04:46.578] [main/DEBUG] [mixin/]: MixinPlatformAgentMinecraftForge rejected container SecureJarResource(framework)
[18Oct2025 22:04:46.578] [main/DEBUG] [mixin/]: Instancing new MixinPlatformAgentDefault for SecureJarResource(framework)
[18Oct2025 22:04:46.579] [main/DEBUG] [mixin/]: MixinPlatformAgentDefault accepted container SecureJarResource(framework)
[18Oct2025 22:04:46.579] [main/DEBUG] [mixin/]: Processing prepare() for PlatformAgent[MixinPlatformAgentDefault:SecureJarResource(framework)]
[18Oct2025 22:04:46.579] [main/DEBUG] [mixin/]: Adding mixin platform agents for container SecureJarResource(forge)
[18Oct2025 22:04:46.579] [main/DEBUG] [mixin/]: Instancing new MixinPlatformAgentMinecraftForge for SecureJarResource(forge)
[18Oct2025 22:04:46.579] [main/DEBUG] [mixin/]: MixinPlatformAgentMinecraftForge rejected container SecureJarResource(forge)
[18Oct2025 22:04:46.579] [main/DEBUG] [mixin/]: Instancing new MixinPlatformAgentDefault for SecureJarResource(forge)
[18Oct2025 22:04:46.580] [main/DEBUG] [mixin/]: MixinPlatformAgentDefault accepted container SecureJarResource(forge)
[18Oct2025 22:04:46.582] [main/DEBUG] [mixin/]: Processing prepare() for PlatformAgent[MixinPlatformAgentDefault:SecureJarResource(forge)]
[18Oct2025 22:04:46.582] [main/DEBUG] [mixin/]: Adding mixin platform agents for container SecureJarResource(commonality)
[18Oct2025 22:04:46.582] [main/DEBUG] [mixin/]: Instancing new MixinPlatformAgentMinecraftForge for SecureJarResource(commonality)
[18Oct2025 22:04:46.582] [main/DEBUG] [mixin/]: MixinPlatformAgentMinecraftForge rejected container SecureJarResource(commonality)
[18Oct2025 22:04:46.582] [main/DEBUG] [mixin/]: Instancing new MixinPlatformAgentDefault for SecureJarResource(commonality)
[18Oct2025 22:04:46.583] [main/DEBUG] [mixin/]: MixinPlatformAgentDefault accepted container SecureJarResource(commonality)
[18Oct2025 22:04:46.583] [main/DEBUG] [mixin/]: Processing prepare() for PlatformAgent[MixinPlatformAgentDefault:SecureJarResource(commonality)]
[18Oct2025 22:04:46.583] [main/DEBUG] [mixin/]: Adding mixin platform agents for container SecureJarResource(apexcore)
[18Oct2025 22:04:46.583] [main/DEBUG] [mixin/]: Instancing new MixinPlatformAgentMinecraftForge for SecureJarResource(apexcore)
[18Oct2025 22:04:46.583] [main/DEBUG] [mixin/]: MixinPlatformAgentMinecraftForge rejected container SecureJarResource(apexcore)
[18Oct2025 22:04:46.583] [main/DEBUG] [mixin/]: Instancing new MixinPlatformAgentDefault for SecureJarResource(apexcore)
[18Oct2025 22:04:46.583] [main/DEBUG] [mixin/]: MixinPlatformAgentDefault accepted container SecureJarResource(apexcore)
[18Oct2025 22:04:46.583] [main/DEBUG] [mixin/]: Processing prepare() for PlatformAgent[MixinPlatformAgentDefault:SecureJarResource(apexcore)]
[18Oct2025 22:04:46.583] [main/DEBUG] [mixin/]: Registering mixin config: apexcore.mixins.json
[18Oct2025 22:04:46.585] [main/DEBUG] [mixin/]: Adding mixin platform agents for container SecureJarResource(fantasyfurniture)
[18Oct2025 22:04:46.587] [main/DEBUG] [mixin/]: Instancing new MixinPlatformAgentMinecraftForge for SecureJarResource(fantasyfurniture)
[18Oct2025 22:04:46.587] [main/DEBUG] [mixin/]: MixinPlatformAgentMinecraftForge rejected container SecureJarResource(fantasyfurniture)
[18Oct2025 22:04:46.587] [main/DEBUG] [mixin/]: Instancing new MixinPlatformAgentDefault for SecureJarResource(fantasyfurniture)
[18Oct2025 22:04:46.587] [main/DEBUG] [mixin/]: MixinPlatformAgentDefault accepted container SecureJarResource(fantasyfurniture)
[18Oct2025 22:04:46.587] [main/DEBUG] [mixin/]: Processing prepare() for PlatformAgent[MixinPlatformAgentDefault:SecureJarResource(fantasyfurniture)]
[18Oct2025 22:04:46.588] [main/DEBUG] [mixin/]: Registering mixin config: fantasyfurniture.mixins.json
[18Oct2025 22:04:46.592] [main/DEBUG] [mixin/]: Adding mixin platform agents for container SecureJarResource(t_and_t)
[18Oct2025 22:04:46.592] [main/DEBUG] [mixin/]: Instancing new MixinPlatformAgentMinecraftForge for SecureJarResource(t_and_t)
[18Oct2025 22:04:46.593] [main/DEBUG] [mixin/]: MixinPlatformAgentMinecraftForge rejected container SecureJarResource(t_and_t)
[18Oct2025 22:04:46.593] [main/DEBUG] [mixin/]: Instancing new MixinPlatformAgentDefault for SecureJarResource(t_and_t)
[18Oct2025 22:04:46.593] [main/DEBUG] [mixin/]: MixinPlatformAgentDefault accepted container SecureJarResource(t_and_t)
[18Oct2025 22:04:46.595] [main/DEBUG] [mixin/]: Processing prepare() for PlatformAgent[MixinPlatformAgentDefault:SecureJarResource(t_and_t)]
[18Oct2025 22:04:46.596] [main/DEBUG] [mixin/]: Adding mixin platform agents for container SecureJarResource(playerrevive)
[18Oct2025 22:04:46.596] [main/DEBUG] [mixin/]: Instancing new MixinPlatformAgentMinecraftForge for SecureJarResource(playerrevive)
[18Oct2025 22:04:46.596] [main/DEBUG] [mixin/]: MixinPlatformAgentMinecraftForge rejected container SecureJarResource(playerrevive)
[18Oct2025 22:04:46.596] [main/DEBUG] [mixin/]: Instancing new MixinPlatformAgentDefault for SecureJarResource(playerrevive)
[18Oct2025 22:04:46.596] [main/DEBUG] [mixin/]: MixinPlatformAgentDefault accepted container SecureJarResource(playerrevive)
[18Oct2025 22:04:46.596] [main/DEBUG] [mixin/]: Processing prepare() for PlatformAgent[MixinPlatformAgentDefault:SecureJarResource(playerrevive)]
[18Oct2025 22:04:46.596] [main/DEBUG] [mixin/]: Registering mixin config: playerrevive.mixins.json
[18Oct2025 22:04:46.605] [main/DEBUG] [mixin/]: Adding mixin platform agents for container SecureJarResource(jauml)
[18Oct2025 22:04:46.607] [main/DEBUG] [mixin/]: Instancing new MixinPlatformAgentMinecraftForge for SecureJarResource(jauml)
[18Oct2025 22:04:46.607] [main/DEBUG] [mixin/]: MixinPlatformAgentMinecraftForge rejected container SecureJarResource(jauml)
[18Oct2025 22:04:46.607] [main/DEBUG] [mixin/]: Instancing new MixinPlatformAgentDefault for SecureJarResource(jauml)
[18Oct2025 22:04:46.607] [main/DEBUG] [mixin/]: MixinPlatformAgentDefault accepted container SecureJarResource(jauml)
[18Oct2025 22:04:46.607] [main/DEBUG] [mixin/]: Processing prepare() for PlatformAgent[MixinPlatformAgentDefault:SecureJarResource(jauml)]
[18Oct2025 22:04:46.608] [main/DEBUG] [mixin/]: Adding mixin platform agents for container SecureJarResource(cristellib)
[18Oct2025 22:04:46.608] [main/DEBUG] [mixin/]: Instancing new MixinPlatformAgentMinecraftForge for SecureJarResource(cristellib)
[18Oct2025 22:04:46.608] [main/DEBUG] [mixin/]: MixinPlatformAgentMinecraftForge rejected container SecureJarResource(cristellib)
[18Oct2025 22:04:46.608] [main/DEBUG] [mixin/]: Instancing new MixinPlatformAgentDefault for SecureJarResource(cristellib)
[18Oct2025 22:04:46.608] [main/DEBUG] [mixin/]: MixinPlatformAgentDefault accepted container SecureJarResource(cristellib)
[18Oct2025 22:04:46.608] [main/DEBUG] [mixin/]: Processing prepare() for PlatformAgent[MixinPlatformAgentDefault:SecureJarResource(cristellib)]
[18Oct2025 22:04:46.608] [main/DEBUG] [mixin/]: Registering mixin config: cristellib-common.mixins.json
[18Oct2025 22:04:46.613] [main/DEBUG] [mixin/]: Registering mixin config: cristellib.mixins.json
[18Oct2025 22:04:46.621] [main/DEBUG] [mixin/]: Adding mixin platform agents for container SecureJarResource(mclib)
[18Oct2025 22:04:46.621] [main/DEBUG] [mixin/]: Instancing new MixinPlatformAgentMinecraftForge for SecureJarResource(mclib)
[18Oct2025 22:04:46.621] [main/DEBUG] [mixin/]: MixinPlatformAgentMinecraftForge rejected container SecureJarResource(mclib)
[18Oct2025 22:04:46.621] [main/DEBUG] [mixin/]: Instancing new MixinPlatformAgentDefault for SecureJarResource(mclib)
[18Oct2025 22:04:46.621] [main/DEBUG] [mixin/]: MixinPlatformAgentDefault accepted container SecureJarResource(mclib)
[18Oct2025 22:04:46.622] [main/DEBUG] [mixin/]: Processing prepare() for PlatformAgent[MixinPlatformAgentDefault:SecureJarResource(mclib)]
[18Oct2025 22:04:46.622] [main/DEBUG] [mixin/]: Adding mixin platform agents for container SecureJarResource(jankson)
[18Oct2025 22:04:46.622] [main/DEBUG] [mixin/]: Instancing new MixinPlatformAgentMinecraftForge for SecureJarResource(jankson)
[18Oct2025 22:04:46.622] [main/DEBUG] [mixin/]: MixinPlatformAgentMinecraftForge rejected container SecureJarResource(jankson)
[18Oct2025 22:04:46.622] [main/DEBUG] [mixin/]: Instancing new MixinPlatformAgentDefault for SecureJarResource(jankson)
[18Oct2025 22:04:46.622] [main/DEBUG] [mixin/]: MixinPlatformAgentDefault accepted container SecureJarResource(jankson)
[18Oct2025 22:04:46.622] [main/DEBUG] [mixin/]: Processing prepare() for PlatformAgent[MixinPlatformAgentDefault:SecureJarResource(jankson)]
[18Oct2025 22:04:46.622] [main/DEBUG] [mixin/]: Adding mixin platform agents for container SecureJarResource(Registrate.MC1._20)
[18Oct2025 22:04:46.622] [main/DEBUG] [mixin/]: Instancing new MixinPlatformAgentMinecraftForge for SecureJarResource(Registrate.MC1._20)
[18Oct2025 22:04:46.622] [main/DEBUG] [mixin/]: MixinPlatformAgentMinecraftForge rejected container SecureJarResource(Registrate.MC1._20)
[18Oct2025 22:04:46.622] [main/DEBUG] [mixin/]: Instancing new MixinPlatformAgentDefault for SecureJarResource(Registrate.MC1._20)
[18Oct2025 22:04:46.622] [main/DEBUG] [mixin/]: MixinPlatformAgentDefault accepted container SecureJarResource(Registrate.MC1._20)
[18Oct2025 22:04:46.623] [main/DEBUG] [mixin/]: Processing prepare() for PlatformAgent[MixinPlatformAgentDefault:SecureJarResource(Registrate.MC1._20)]
[18Oct2025 22:04:46.623] [main/DEBUG] [mixin/]: inject() running with 28 agents
[18Oct2025 22:04:46.623] [main/DEBUG] [mixin/]: Processing inject() for PlatformAgent[MixinPlatformAgentDefault:ModLauncher Root Container(ModLauncher:4f56a0a2)]
[18Oct2025 22:04:46.627] [main/DEBUG] [mixin/]: Processing inject() for PlatformAgent[MixinPlatformAgentDefault:SecureJarResource(minecraft)]
[18Oct2025 22:04:46.627] [main/DEBUG] [mixin/]: Processing inject() for PlatformAgent[MixinPlatformAgentDefault:SecureJarResource(easy_npc)]
[18Oct2025 22:04:46.627] [main/DEBUG] [mixin/]: Processing inject() for PlatformAgent[MixinPlatformAgentDefault:SecureJarResource(mowziesmobs)]
[18Oct2025 22:04:46.627] [main/DEBUG] [mixin/]: Processing inject() for PlatformAgent[MixinPlatformAgentDefault:SecureJarResource(geckolib)]
[18Oct2025 22:04:46.627] [main/DEBUG] [mixin/]: Processing inject() for PlatformAgent[MixinPlatformAgentDefault:SecureJarResource(creativecore)]
[18Oct2025 22:04:46.627] [main/DEBUG] [mixin/]: Processing inject() for PlatformAgent[MixinPlatformAgentDefault:SecureJarResource(curios)]
[18Oct2025 22:04:46.628] [main/DEBUG] [mixin/]: Processing inject() for PlatformAgent[MixinPlatformAgentDefault:SecureJarResource(dungeons_and_combat)]
[18Oct2025 22:04:46.628] [main/DEBUG] [mixin/]: Processing inject() for PlatformAgent[MixinPlatformAgentDefault:SecureJarResource(citadel)]
[18Oct2025 22:04:46.628] [main/DEBUG] [mixin/]: Processing inject() for PlatformAgent[MixinPlatformAgentDefault:SecureJarResource(alexsmobs)]
[18Oct2025 22:04:46.628] [main/DEBUG] [mixin/]: Processing inject() for PlatformAgent[MixinPlatformAgentDefault:SecureJarResource(backpacked)]
[18Oct2025 22:04:46.628] [main/DEBUG] [mixin/]: Processing inject() for PlatformAgent[MixinPlatformAgentDefault:SecureJarResource(memory_of_the_past)]
[18Oct2025 22:04:46.628] [main/DEBUG] [mixin/]: Processing inject() for PlatformAgent[MixinPlatformAgentDefault:SecureJarResource(ascendant_mobs)]
[18Oct2025 22:04:46.628] [main/DEBUG] [mixin/]: Processing inject() for PlatformAgent[MixinPlatformAgentDefault:SecureJarResource(tlc)]
[18Oct2025 22:04:46.628] [main/DEBUG] [mixin/]: Processing inject() for PlatformAgent[MixinPlatformAgentDefault:SecureJarResource(iceandfire)]
[18Oct2025 22:04:46.628] [main/DEBUG] [mixin/]: Processing inject() for PlatformAgent[MixinPlatformAgentDefault:SecureJarResource(catalogue)]
[18Oct2025 22:04:46.628] [main/DEBUG] [mixin/]: Processing inject() for PlatformAgent[MixinPlatformAgentDefault:SecureJarResource(framework)]
[18Oct2025 22:04:46.628] [main/DEBUG] [mixin/]: Processing inject() for PlatformAgent[MixinPlatformAgentDefault:SecureJarResource(forge)]
[18Oct2025 22:04:46.629] [main/DEBUG] [mixin/]: Processing inject() for PlatformAgent[MixinPlatformAgentDefault:SecureJarResource(commonality)]
[18Oct2025 22:04:46.629] [main/DEBUG] [mixin/]: Processing inject() for PlatformAgent[MixinPlatformAgentDefault:SecureJarResource(apexcore)]
[18Oct2025 22:04:46.629] [main/DEBUG] [mixin/]: Processing inject() for PlatformAgent[MixinPlatformAgentDefault:SecureJarResource(fantasyfurniture)]
[18Oct2025 22:04:46.629] [main/DEBUG] [mixin/]: Processing inject() for PlatformAgent[MixinPlatformAgentDefault:SecureJarResource(t_and_t)]
[18Oct2025 22:04:46.634] [main/DEBUG] [mixin/]: Processing inject() for PlatformAgent[MixinPlatformAgentDefault:SecureJarResource(playerrevive)]
[18Oct2025 22:04:46.634] [main/DEBUG] [mixin/]: Processing inject() for PlatformAgent[MixinPlatformAgentDefault:SecureJarResource(jauml)]
[18Oct2025 22:04:46.634] [main/DEBUG] [mixin/]: Processing inject() for PlatformAgent[MixinPlatformAgentDefault:SecureJarResource(cristellib)]
[18Oct2025 22:04:46.634] [main/DEBUG] [mixin/]: Processing inject() for PlatformAgent[MixinPlatformAgentDefault:SecureJarResource(mclib)]
[18Oct2025 22:04:46.634] [main/DEBUG] [mixin/]: Processing inject() for PlatformAgent[MixinPlatformAgentDefault:SecureJarResource(jankson)]
[18Oct2025 22:04:46.635] [main/DEBUG] [mixin/]: Processing inject() for PlatformAgent[MixinPlatformAgentDefault:SecureJarResource(Registrate.MC1._20)]
[18Oct2025 22:04:46.635] [main/INFO] [cpw.mods.modlauncher.LaunchServiceHandler/MODLAUNCHER]: Launching target 'forgeserver' with arguments [nogui]
[18Oct2025 22:04:46.683] [main/DEBUG] [mixin/]: Error cleaning class output directory: .mixin.out
[18Oct2025 22:04:46.685] [main/DEBUG] [mixin/]: Preparing mixins for MixinEnvironment[DEFAULT]
[18Oct2025 22:04:46.685] [main/DEBUG] [mixin/]: Selecting config mowziesmobs.mixins.json
[18Oct2025 22:04:46.689] [main/DEBUG] [mixin/]: Selecting config geckolib.mixins.json
[18Oct2025 22:04:46.691] [main/DEBUG] [mixin/]: Selecting config creativecore.mixins.json
[18Oct2025 22:04:46.692] [main/DEBUG] [mixin/]: Selecting config creativecore.forge.mixins.json
[18Oct2025 22:04:46.695] [main/DEBUG] [mixin/]: Selecting config curios.mixins.json
[18Oct2025 22:04:46.697] [main/DEBUG] [mixin/]: Selecting config citadel.mixins.json
[18Oct2025 22:04:46.699] [main/DEBUG] [mixin/]: Selecting config backpacked.forge.mixins.json
[18Oct2025 22:04:46.703] [main/DEBUG] [mixin/]: Selecting config backpacked.common.mixins.json
[18Oct2025 22:04:46.704] [main/DEBUG] [mixin/]: Selecting config tlc.mixins.json
[18Oct2025 22:04:46.707] [main/DEBUG] [mixin/]: Selecting config iceandfire.mixins.json
[18Oct2025 22:04:46.708] [main/DEBUG] [mixin/]: Selecting config apexcore.mixins.json
[18Oct2025 22:04:46.711] [main/WARN] [mixin/]: Reference map 'apexcore.refmap.json' for apexcore.mixins.json could not be read. If this is a development environment you can ignore this message
[18Oct2025 22:04:46.712] [main/DEBUG] [mixin/]: Selecting config fantasyfurniture.mixins.json
[18Oct2025 22:04:46.714] [main/DEBUG] [mixin/]: Selecting config playerrevive.mixins.json
[18Oct2025 22:04:46.715] [main/DEBUG] [mixin/]: Selecting config cristellib-common.mixins.json
[18Oct2025 22:04:46.727] [main/DEBUG] [mixin/]: Selecting config cristellib.mixins.json
[18Oct2025 22:04:46.729] [main/WARN] [mixin/]: Reference map 'cristellib-forge-refmap.json' for cristellib.mixins.json could not be read. If this is a development environment you can ignore this message
[18Oct2025 22:04:46.731] [main/DEBUG] [mixin/]: Preparing mowziesmobs.mixins.json (1)
[18Oct2025 22:04:46.781] [main/DEBUG] [mixin/]: Preparing geckolib.mixins.json (1)
[18Oct2025 22:04:46.781] [main/DEBUG] [mixin/]: Preparing creativecore.mixins.json (8)
[18Oct2025 22:04:46.844] [main/DEBUG] [mixin/]: Preparing creativecore.forge.mixins.json (3)
[18Oct2025 22:04:46.850] [main/DEBUG] [mixin/]: Preparing curios.mixins.json (13)
[18Oct2025 22:04:47.002] [main/DEBUG] [mixin/]: Preparing citadel.mixins.json (16)
[18Oct2025 22:04:47.087] [main/DEBUG] [mixin/]: Preparing backpacked.forge.mixins.json (1)
[18Oct2025 22:04:47.098] [main/DEBUG] [mixin/]: Preparing backpacked.common.mixins.json (11)
[18Oct2025 22:04:47.176] [main/DEBUG] [mixin/]: Preparing tlc.mixins.json (1)
[18Oct2025 22:04:47.177] [main/DEBUG] [mixin/]: Preparing iceandfire.mixins.json (2)
[18Oct2025 22:04:47.184] [main/DEBUG] [mixin/]: Preparing apexcore.mixins.json (0)
[18Oct2025 22:04:47.184] [main/DEBUG] [mixin/]: Preparing fantasyfurniture.mixins.json (1)
[18Oct2025 22:04:47.184] [main/DEBUG] [mixin/]: Preparing playerrevive.mixins.json (5)
[18Oct2025 22:04:47.190] [main/DEBUG] [mixin/]: Preparing cristellib-common.mixins.json (1)
[18Oct2025 22:04:47.197] [main/DEBUG] [mixin/]: Preparing cristellib.mixins.json (0)
[18Oct2025 22:04:47.301] [main/DEBUG] [mixin/]: Registering new injector for @Inject with org.spongepowered.asm.mixin.injection.struct.CallbackInjectionInfo
[18Oct2025 22:04:47.307] [main/DEBUG] [mixin/]: Registering new injector for @ModifyArg with org.spongepowered.asm.mixin.injection.struct.ModifyArgInjectionInfo
[18Oct2025 22:04:47.310] [main/DEBUG] [mixin/]: Registering new injector for @ModifyArgs with org.spongepowered.asm.mixin.injection.struct.ModifyArgsInjectionInfo
[18Oct2025 22:04:47.313] [main/DEBUG] [mixin/]: Registering new injector for @Redirect with org.spongepowered.asm.mixin.injection.struct.RedirectInjectionInfo
[18Oct2025 22:04:47.314] [main/DEBUG] [mixin/]: Registering new injector for @ModifyVariable with org.spongepowered.asm.mixin.injection.struct.ModifyVariableInjectionInfo
[18Oct2025 22:04:47.318] [main/DEBUG] [mixin/]: Registering new injector for @ModifyConstant with org.spongepowered.asm.mixin.injection.struct.ModifyConstantInjectionInfo
[18Oct2025 22:04:47.450] [main/DEBUG] [mixin/]: Prepared 45 mixins in 0.762 sec (16.9ms avg) (0ms load, 0ms transform, 0ms plugin)
[18Oct2025 22:04:47.486] [main/DEBUG] [mixin/]: Mixing MinecraftServerMixin from citadel.mixins.json into net.minecraft.server.MinecraftServer
[18Oct2025 22:04:47.877] [main/DEBUG] [io.netty.util.internal.logging.InternalLoggerFactory/]: Using SLF4J as the default logging framework
[18Oct2025 22:04:47.882] [main/DEBUG] [io.netty.util.ResourceLeakDetector/]: -Dio.netty.leakDetection.level: simple
[18Oct2025 22:04:47.883] [main/DEBUG] [io.netty.util.ResourceLeakDetector/]: -Dio.netty.leakDetection.targetRecords: 4
[18Oct2025 22:04:48.283] [main/DEBUG] [oshi.util.FileUtil/]: No oshi.properties file found from ClassLoader cpw.mods.modlauncher.TransformingClassLoader@73c3cd09
[18Oct2025 22:04:48.286] [main/DEBUG] [oshi.util.FileUtil/]: No oshi.properties file found from ClassLoader jdk.internal.loader.ClassLoaders$AppClassLoader@76ed5528
[18Oct2025 22:04:48.400] [main/DEBUG] [oshi.util.FileUtil/]: Reading file /proc/self/auxv
[18Oct2025 22:04:48.404] [main/DEBUG] [oshi.util.FileUtil/]: Reading file /proc/self/auxv
[18Oct2025 22:04:48.411] [main/DEBUG] [oshi.util.FileUtil/]: Reading file /proc/stat
[18Oct2025 22:04:48.425] [main/DEBUG] [oshi.util.FileUtil/]: Reading file /sys/devices/system/cpu/cpu0/topology/core_id
[18Oct2025 22:04:48.425] [main/DEBUG] [oshi.util.FileUtil/]: Reading file /sys/devices/system/cpu/cpu0/topology/core_id
[18Oct2025 22:04:48.426] [main/DEBUG] [oshi.util.FileUtil/]: Reading file /sys/devices/system/cpu/cpu0/topology/physical_package_id
[18Oct2025 22:04:48.426] [main/DEBUG] [oshi.util.FileUtil/]: Reading file /sys/devices/system/cpu/cpu0/topology/physical_package_id
[18Oct2025 22:04:48.426] [main/DEBUG] [oshi.util.FileUtil/]: Reading file /sys/devices/system/cpu/cpu0/cpu_capacity
[18Oct2025 22:04:48.430] [main/DEBUG] [oshi.util.FileUtil/]: Reading file /sys/devices/system/cpu/cpu1/topology/core_id
[18Oct2025 22:04:48.430] [main/DEBUG] [oshi.util.FileUtil/]: Reading file /sys/devices/system/cpu/cpu1/topology/core_id
[18Oct2025 22:04:48.430] [main/DEBUG] [oshi.util.FileUtil/]: Reading file /sys/devices/system/cpu/cpu1/topology/physical_package_id
[18Oct2025 22:04:48.430] [main/DEBUG] [oshi.util.FileUtil/]: Reading file /sys/devices/system/cpu/cpu1/topology/physical_package_id
[18Oct2025 22:04:48.430] [main/DEBUG] [oshi.util.FileUtil/]: Reading file /sys/devices/system/cpu/cpu1/cpu_capacity
[18Oct2025 22:04:48.435] [main/DEBUG] [oshi.util.FileUtil/]: Reading file /proc/cpuinfo
[18Oct2025 22:04:48.454] [main/DEBUG] [oshi.util.FileUtil/]: Reading file /proc/self/auxv
[18Oct2025 22:04:48.459] [main/DEBUG] [oshi.util.FileUtil/]: No oshi.architecture.properties file found from ClassLoader cpw.mods.modlauncher.TransformingClassLoader@73c3cd09
[18Oct2025 22:04:48.461] [main/DEBUG] [oshi.util.FileUtil/]: No oshi.architecture.properties file found from ClassLoader jdk.internal.loader.ClassLoaders$AppClassLoader@76ed5528
[18Oct2025 22:04:48.496] [main/DEBUG] [oshi.util.FileUtil/]: Reading file /proc/meminfo
[18Oct2025 22:04:48.498] [main/DEBUG] [oshi.util.FileUtil/]: Reading file /proc/meminfo
[18Oct2025 22:04:48.755] [main/DEBUG] [mixin/]: Mixing common.BlockMixin from backpacked.forge.mixins.json into net.minecraft.world.level.block.Block
[18Oct2025 22:04:48.783] [main/DEBUG] [net.minecraftforge.coremod.transformer.CoreModBaseTransformer/COREMOD]: Transforming net/minecraft/world/item/ItemStack
[18Oct2025 22:04:48.914] [main/DEBUG] [mixin/]: Mixing AccessorEntity from curios.mixins.json into net.minecraft.world.entity.Entity
[18Oct2025 22:04:48.926] [main/DEBUG] [mixin/]: Mixing common.EntityMixin from backpacked.common.mixins.json into net.minecraft.world.entity.Entity
[18Oct2025 22:04:49.091] [main/DEBUG] [mixin/]: Mixing MixinLivingEntity from curios.mixins.json into net.minecraft.world.entity.LivingEntity
[18Oct2025 22:04:49.101] [main/DEBUG] [mixin/]: Mixing LivingEntityMixin from citadel.mixins.json into net.minecraft.world.entity.LivingEntity
[18Oct2025 22:04:49.140] [main/DEBUG] [net.minecraftforge.coremod.transformer.CoreModBaseTransformer/COREMOD]: Transforming net/minecraft/world/entity/EntityType
[18Oct2025 22:04:49.685] [main/DEBUG] [mixin/]: Mixing LevelMixin from citadel.mixins.json into net.minecraft.world.level.Level
[18Oct2025 22:04:49.790] [main/DEBUG] [mixin/]: Mixing ServerLevelMixin from citadel.mixins.json into net.minecraft.server.level.ServerLevel
[18Oct2025 22:04:49.849] [main/DEBUG] [mixin/]: Mixing common.ItemEntityMixin from backpacked.common.mixins.json into net.minecraft.world.entity.item.ItemEntity
[18Oct2025 22:04:49.900] [main/DEBUG] [mixin/]: Mixing common.PlayerMixin from backpacked.common.mixins.json into net.minecraft.world.entity.player.Player
[18Oct2025 22:04:49.955] [main/DEBUG] [mixin/]: Mixing PlayerMixin from playerrevive.mixins.json into net.minecraft.world.entity.player.Player
[18Oct2025 22:04:50.208] [main/DEBUG] [net.minecraftforge.coremod.transformer.CoreModBaseTransformer/COREMOD]: Transforming net/minecraft/world/entity/EntityType
[18Oct2025 22:04:50.702] [main/DEBUG] [mixin/]: Mixing ShapesMixin from creativecore.mixins.json into net.minecraft.world.phys.shapes.Shapes
[18Oct2025 22:04:50.910] [main/DEBUG] [mixin/]: Mixing VoxelShapeAccessor from creativecore.mixins.json into net.minecraft.world.phys.shapes.VoxelShape
[18Oct2025 22:04:51.318] [main/DEBUG] [net.minecraftforge.coremod.transformer.CoreModBaseTransformer/COREMOD]: Transforming net/minecraft/world/level/block/LiquidBlock
[18Oct2025 22:04:51.387] [main/DEBUG] [net.minecraftforge.coremod.transformer.CoreModBaseTransformer/COREMOD]: Transforming net/minecraft/world/level/block/StairBlock
[18Oct2025 22:04:51.466] [main/DEBUG] [net.minecraftforge.coremod.transformer.CoreModBaseTransformer/COREMOD]: Transforming net/minecraft/world/level/block/FlowerPotBlock
[18Oct2025 22:04:51.566] [main/DEBUG] [mixin/]: Mixing MixinPowderSnowBlock from curios.mixins.json into net.minecraft.world.level.block.PowderSnowBlock
[18Oct2025 22:04:51.600] [main/DEBUG] [mixin/]: Mixing BlockBehaviourMixin from mowziesmobs.mixins.json into net.minecraft.world.level.block.state.BlockBehaviour$Properties
[18Oct2025 22:04:52.689] [main/DEBUG] [mixin/]: Mixing common.MobMixin from backpacked.common.mixins.json into net.minecraft.world.entity.Mob
[18Oct2025 22:04:52.850] [main/DEBUG] [net.minecraftforge.coremod.transformer.CoreModBaseTransformer/COREMOD]: Transforming net/minecraft/world/item/ItemStack
[18Oct2025 22:04:53.830] [main/DEBUG] [mixin/]: Mixing SmithingMenuMixin from citadel.mixins.json into net.minecraft.world.inventory.SmithingMenu
[18Oct2025 22:04:54.179] [main/DEBUG] [net.minecraftforge.coremod.transformer.CoreModBaseTransformer/COREMOD]: Transforming net/minecraft/world/entity/animal/frog/Tadpole
[18Oct2025 22:04:54.434] [main/DEBUG] [net.minecraftforge.coremod.transformer.CoreModBaseTransformer/COREMOD]: Transforming net/minecraft/world/item/BucketItem
[18Oct2025 22:04:54.468] [main/DEBUG] [mixin/]: Mixing MixinShearsItem from curios.mixins.json into net.minecraft.world.item.ShearsItem
[18Oct2025 22:04:55.688] [main/DEBUG] [net.minecraftforge.coremod.transformer.CoreModBaseTransformer/COREMOD]: Transforming net/minecraft/world/entity/monster/Spider
[18Oct2025 22:04:55.767] [main/DEBUG] [net.minecraftforge.coremod.transformer.CoreModBaseTransformer/COREMOD]: Transforming net/minecraft/world/entity/monster/Zombie
[18Oct2025 22:04:55.910] [main/DEBUG] [net.minecraftforge.coremod.transformer.CoreModBaseTransformer/COREMOD]: Transforming net/minecraft/world/entity/monster/ZombieVillager
[18Oct2025 22:04:56.042] [main/DEBUG] [net.minecraftforge.coremod.transformer.CoreModBaseTransformer/COREMOD]: Transforming net/minecraft/world/entity/monster/Evoker$EvokerSummonSpellGoal
[18Oct2025 22:04:56.224] [main/DEBUG] [net.minecraftforge.coremod.transformer.CoreModBaseTransformer/COREMOD]: Transforming net/minecraft/world/entity/animal/horse/SkeletonTrapGoal
[18Oct2025 22:04:56.266] [main/DEBUG] [net.minecraftforge.coremod.transformer.CoreModBaseTransformer/COREMOD]: Transforming net/minecraft/world/entity/monster/Strider
[18Oct2025 22:04:56.441] [main/DEBUG] [mixin/]: Mixing common.ServerPlayerMixin from backpacked.common.mixins.json into net.minecraft.server.level.ServerPlayer
[18Oct2025 22:04:56.443] [main/DEBUG] [mixin/]: Mixing ServerPlayerMixin from playerrevive.mixins.json into net.minecraft.server.level.ServerPlayer
[18Oct2025 22:04:56.514] [main/DEBUG] [net.minecraftforge.coremod.transformer.CoreModBaseTransformer/COREMOD]: Transforming net/minecraft/world/entity/npc/Villager
[18Oct2025 22:04:56.754] [main/DEBUG] [net.minecraftforge.coremod.transformer.CoreModBaseTransformer/COREMOD]: Transforming net/minecraft/world/effect/MobEffectInstance
[18Oct2025 22:04:56.982] [main/DEBUG] [mixin/]: Mixing ChunkGeneratorMixin from citadel.mixins.json into net.minecraft.world.level.chunk.ChunkGenerator
[18Oct2025 22:04:56.985] [main/DEBUG] [net.minecraftforge.coremod.transformer.CoreModBaseTransformer/COREMOD]: Transforming net/minecraft/world/level/biome/Biome
[18Oct2025 22:04:56.994] [main/DEBUG] [mixin/]: Mixing DisableVanillaStrongholdsMixin from tlc.mixins.json into net.minecraft.world.level.chunk.ChunkGenerator
[18Oct2025 22:04:56.997] [main/DEBUG] [net.minecraftforge.coremod.transformer.CoreModBaseTransformer/COREMOD]: Transforming net/minecraft/world/level/levelgen/structure/Structure
[18Oct2025 22:04:57.043] [main/DEBUG] [mixin/]: Mixing MixinInventory from curios.mixins.json into net.minecraft.world.entity.player.Inventory
[18Oct2025 22:04:57.046] [main/DEBUG] [mixin/]: Mixing common.PlayerInventoryMixin from backpacked.common.mixins.json into net.minecraft.world.entity.player.Inventory
[18Oct2025 22:04:57.070] [main/DEBUG] [mixin/]: Mixing common.MerchantResultSlotMixin from backpacked.common.mixins.json into net.minecraft.world.inventory.MerchantResultSlot
[18Oct2025 22:04:57.213] [main/DEBUG] [mixin/]: Mixing MixinApplyBonusCount from curios.mixins.json into net.minecraft.world.level.storage.loot.functions.ApplyBonusCount
[18Oct2025 22:04:57.361] [main/DEBUG] [mixin/]: Mixing gen.NoLakesInStructuresMixin from iceandfire.mixins.json into net.minecraft.world.level.levelgen.feature.LakeFeature
[18Oct2025 22:04:57.533] [main/DEBUG] [net.minecraftforge.coremod.transformer.CoreModBaseTransformer/COREMOD]: Transforming net/minecraft/world/level/levelgen/structure/Structure
[18Oct2025 22:04:57.612] [main/DEBUG] [net.minecraftforge.coremod.transformer.CoreModBaseTransformer/COREMOD]: Transforming net/minecraft/world/level/levelgen/structure/structures/OceanRuinPieces$OceanRuinPiece
[18Oct2025 22:04:57.658] [main/DEBUG] [net.minecraftforge.coremod.transformer.CoreModBaseTransformer/COREMOD]: Transforming net/minecraft/world/level/levelgen/structure/structures/SwampHutPiece
[18Oct2025 22:04:57.695] [main/DEBUG] [net.minecraftforge.coremod.transformer.CoreModBaseTransformer/COREMOD]: Transforming net/minecraft/world/level/levelgen/structure/structures/OceanMonumentPieces$OceanMonumentPiece
[18Oct2025 22:04:57.747] [main/DEBUG] [net.minecraftforge.coremod.transformer.CoreModBaseTransformer/COREMOD]: Transforming net/minecraft/world/level/levelgen/structure/structures/WoodlandMansionPieces$WoodlandMansionPiece
[18Oct2025 22:04:58.311] [main/DEBUG] [net.minecraftforge.coremod.transformer.CoreModBaseTransformer/COREMOD]: Transforming net/minecraft/world/level/biome/Biome
[18Oct2025 22:04:58.460] [main/DEBUG] [mixin/]: Mixing NoiseGeneratorSettingsMixin from citadel.mixins.json into net.minecraft.world.level.levelgen.NoiseGeneratorSettings
[18Oct2025 22:04:58.778] [main/DEBUG] [net.minecraftforge.common.ForgeI18n/CORE]: Loading I18N data entries: 6430
[18Oct2025 22:04:58.800] [main/DEBUG] [net.minecraftforge.fml.ModWorkManager/LOADING]: Using 2 threads for parallel mod-loading
[18Oct2025 22:04:58.809] [main/DEBUG] [net.minecraftforge.fml.javafmlmod.FMLJavaModLanguageProvider/LOADING]: Loading FMLModContainer from classloader cpw.mods.modlauncher.TransformingClassLoader@73c3cd09 - got cpw.mods.cl.ModuleClassLoader@30feffc
[18Oct2025 22:04:58.809] [main/DEBUG] [net.minecraftforge.fml.javafmlmod.FMLModContainer/LOADING]: Creating FMLModContainer instance for de.markusbordihn.easynpc.EasyNPC
[18Oct2025 22:04:58.814] [main/DEBUG] [net.minecraftforge.fml.javafmlmod.FMLJavaModLanguageProvider/LOADING]: Loading FMLModContainer from classloader cpw.mods.modlauncher.TransformingClassLoader@73c3cd09 - got cpw.mods.cl.ModuleClassLoader@30feffc
[18Oct2025 22:04:58.815] [main/DEBUG] [net.minecraftforge.fml.javafmlmod.FMLModContainer/LOADING]: Creating FMLModContainer instance for com.bobmowzie.mowziesmobs.MowziesMobs
[18Oct2025 22:04:58.816] [main/DEBUG] [net.minecraftforge.fml.javafmlmod.FMLJavaModLanguageProvider/LOADING]: Loading FMLModContainer from classloader cpw.mods.modlauncher.TransformingClassLoader@73c3cd09 - got cpw.mods.cl.ModuleClassLoader@30feffc
[18Oct2025 22:04:58.816] [main/DEBUG] [net.minecraftforge.fml.javafmlmod.FMLModContainer/LOADING]: Creating FMLModContainer instance for software.bernie.example.GeckoLibMod
[18Oct2025 22:04:58.817] [main/DEBUG] [net.minecraftforge.fml.javafmlmod.FMLJavaModLanguageProvider/LOADING]: Loading FMLModContainer from classloader cpw.mods.modlauncher.TransformingClassLoader@73c3cd09 - got cpw.mods.cl.ModuleClassLoader@30feffc
[18Oct2025 22:04:58.817] [main/DEBUG] [net.minecraftforge.fml.javafmlmod.FMLModContainer/LOADING]: Creating FMLModContainer instance for team.creative.creativecore.CreativeCore
[18Oct2025 22:04:58.818] [main/DEBUG] [net.minecraftforge.fml.javafmlmod.FMLJavaModLanguageProvider/LOADING]: Loading FMLModContainer from classloader cpw.mods.modlauncher.TransformingClassLoader@73c3cd09 - got cpw.mods.cl.ModuleClassLoader@30feffc
[18Oct2025 22:04:58.818] [main/DEBUG] [net.minecraftforge.fml.javafmlmod.FMLModContainer/LOADING]: Creating FMLModContainer instance for top.theillusivec4.curios.Curios
[18Oct2025 22:04:58.819] [main/DEBUG] [net.minecraftforge.fml.javafmlmod.FMLJavaModLanguageProvider/LOADING]: Loading FMLModContainer from classloader cpw.mods.modlauncher.TransformingClassLoader@73c3cd09 - got cpw.mods.cl.ModuleClassLoader@30feffc
[18Oct2025 22:04:58.819] [main/DEBUG] [net.minecraftforge.fml.javafmlmod.FMLModContainer/LOADING]: Creating FMLModContainer instance for net.mcreator.dungeonsandcombat.DungeonsAndCombatMod
[18Oct2025 22:04:58.820] [main/DEBUG] [net.minecraftforge.fml.javafmlmod.FMLJavaModLanguageProvider/LOADING]: Loading FMLModContainer from classloader cpw.mods.modlauncher.TransformingClassLoader@73c3cd09 - got cpw.mods.cl.ModuleClassLoader@30feffc
[18Oct2025 22:04:58.820] [main/DEBUG] [net.minecraftforge.fml.javafmlmod.FMLModContainer/LOADING]: Creating FMLModContainer instance for com.github.alexthe666.citadel.Citadel
[18Oct2025 22:04:58.821] [main/DEBUG] [net.minecraftforge.fml.javafmlmod.FMLJavaModLanguageProvider/LOADING]: Loading FMLModContainer from classloader cpw.mods.modlauncher.TransformingClassLoader@73c3cd09 - got cpw.mods.cl.ModuleClassLoader@30feffc
[18Oct2025 22:04:58.821] [main/DEBUG] [net.minecraftforge.fml.javafmlmod.FMLModContainer/LOADING]: Creating FMLModContainer instance for com.github.alexthe666.alexsmobs.AlexsMobs
[18Oct2025 22:04:58.823] [main/DEBUG] [net.minecraftforge.fml.javafmlmod.FMLJavaModLanguageProvider/LOADING]: Loading FMLModContainer from classloader cpw.mods.modlauncher.TransformingClassLoader@73c3cd09 - got cpw.mods.cl.ModuleClassLoader@30feffc
[18Oct2025 22:04:58.823] [main/DEBUG] [net.minecraftforge.fml.javafmlmod.FMLModContainer/LOADING]: Creating FMLModContainer instance for com.mrcrayfish.backpacked.Backpacked
[18Oct2025 22:04:58.824] [main/DEBUG] [net.minecraftforge.fml.javafmlmod.FMLJavaModLanguageProvider/LOADING]: Loading FMLModContainer from classloader cpw.mods.modlauncher.TransformingClassLoader@73c3cd09 - got cpw.mods.cl.ModuleClassLoader@30feffc
[18Oct2025 22:04:58.824] [main/DEBUG] [net.minecraftforge.fml.javafmlmod.FMLModContainer/LOADING]: Creating FMLModContainer instance for tn.mbs.memory.MemoryOfThePastMod
[18Oct2025 22:04:58.825] [main/DEBUG] [net.minecraftforge.fml.javafmlmod.FMLJavaModLanguageProvider/LOADING]: Loading FMLModContainer from classloader cpw.mods.modlauncher.TransformingClassLoader@73c3cd09 - got cpw.mods.cl.ModuleClassLoader@30feffc
[18Oct2025 22:04:58.825] [main/DEBUG] [net.minecraftforge.fml.javafmlmod.FMLModContainer/LOADING]: Creating FMLModContainer instance for tn.mbs.ascendantmobs.AscendantMobsMod
[18Oct2025 22:04:58.825] [main/DEBUG] [net.minecraftforge.fml.javafmlmod.FMLJavaModLanguageProvider/LOADING]: Loading FMLModContainer from classloader cpw.mods.modlauncher.TransformingClassLoader@73c3cd09 - got cpw.mods.cl.ModuleClassLoader@30feffc
[18Oct2025 22:04:58.826] [main/DEBUG] [net.minecraftforge.fml.javafmlmod.FMLModContainer/LOADING]: Creating FMLModContainer instance for com.teamremastered.tlc.TheLostCastle
[18Oct2025 22:04:58.826] [main/DEBUG] [net.minecraftforge.fml.javafmlmod.FMLJavaModLanguageProvider/LOADING]: Loading FMLModContainer from classloader cpw.mods.modlauncher.TransformingClassLoader@73c3cd09 - got cpw.mods.cl.ModuleClassLoader@30feffc
[18Oct2025 22:04:58.826] [main/DEBUG] [net.minecraftforge.fml.javafmlmod.FMLModContainer/LOADING]: Creating FMLModContainer instance for com.github.alexthe666.iceandfire.IceAndFire
[18Oct2025 22:04:58.828] [main/DEBUG] [net.minecraftforge.fml.javafmlmod.FMLJavaModLanguageProvider/LOADING]: Loading FMLModContainer from classloader cpw.mods.modlauncher.TransformingClassLoader@73c3cd09 - got cpw.mods.cl.ModuleClassLoader@30feffc
[18Oct2025 22:04:58.828] [main/DEBUG] [net.minecraftforge.fml.javafmlmod.FMLModContainer/LOADING]: Creating FMLModContainer instance for com.mrcrayfish.catalogue.Catalogue
[18Oct2025 22:04:58.828] [main/DEBUG] [net.minecraftforge.fml.javafmlmod.FMLJavaModLanguageProvider/LOADING]: Loading FMLModContainer from classloader cpw.mods.modlauncher.TransformingClassLoader@73c3cd09 - got cpw.mods.cl.ModuleClassLoader@30feffc
[18Oct2025 22:04:58.829] [main/DEBUG] [net.minecraftforge.fml.javafmlmod.FMLModContainer/LOADING]: Creating FMLModContainer instance for com.mrcrayfish.framework.FrameworkForge
[18Oct2025 22:04:58.829] [main/DEBUG] [net.minecraftforge.fml.javafmlmod.FMLJavaModLanguageProvider/LOADING]: Loading FMLModContainer from classloader cpw.mods.modlauncher.TransformingClassLoader@73c3cd09 - got cpw.mods.cl.ModuleClassLoader@30feffc
[18Oct2025 22:04:58.830] [main/DEBUG] [net.minecraftforge.fml.javafmlmod.FMLModContainer/LOADING]: Creating FMLModContainer instance for net.minecraftforge.common.ForgeMod
[18Oct2025 22:04:58.833] [main/DEBUG] [net.minecraftforge.fml.javafmlmod.FMLJavaModLanguageProvider/LOADING]: Loading FMLModContainer from classloader cpw.mods.modlauncher.TransformingClassLoader@73c3cd09 - got cpw.mods.cl.ModuleClassLoader@30feffc
[18Oct2025 22:04:58.833] [main/DEBUG] [net.minecraftforge.fml.javafmlmod.FMLModContainer/LOADING]: Creating FMLModContainer instance for xyz.apex.forge.commonality.Mods$CommonalityMod
[18Oct2025 22:04:58.834] [main/DEBUG] [net.minecraftforge.fml.javafmlmod.FMLJavaModLanguageProvider/LOADING]: Loading FMLModContainer from classloader cpw.mods.modlauncher.TransformingClassLoader@73c3cd09 - got cpw.mods.cl.ModuleClassLoader@30feffc
[18Oct2025 22:04:58.834] [main/DEBUG] [net.minecraftforge.fml.javafmlmod.FMLModContainer/LOADING]: Creating FMLModContainer instance for xyz.apex.forge.apexcore.core.ApexCore
[18Oct2025 22:04:58.834] [main/DEBUG] [net.minecraftforge.fml.javafmlmod.FMLJavaModLanguageProvider/LOADING]: Loading FMLModContainer from classloader cpw.mods.modlauncher.TransformingClassLoader@73c3cd09 - got cpw.mods.cl.ModuleClassLoader@30feffc
[18Oct2025 22:04:58.834] [main/DEBUG] [net.minecraftforge.fml.javafmlmod.FMLModContainer/LOADING]: Creating FMLModContainer instance for xyz.apex.forge.fantasyfurniture.core.ModInitializer
[18Oct2025 22:04:58.835] [main/DEBUG] [net.minecraftforge.fml.javafmlmod.FMLJavaModLanguageProvider/LOADING]: Loading FMLModContainer from classloader cpw.mods.modlauncher.TransformingClassLoader@73c3cd09 - got cpw.mods.cl.ModuleClassLoader@30feffc
[18Oct2025 22:04:58.835] [main/DEBUG] [net.minecraftforge.fml.javafmlmod.FMLModContainer/LOADING]: Creating FMLModContainer instance for de.cristelknight999.t_and_t.TT
[18Oct2025 22:04:58.835] [main/DEBUG] [net.minecraftforge.fml.javafmlmod.FMLJavaModLanguageProvider/LOADING]: Loading FMLModContainer from classloader cpw.mods.modlauncher.TransformingClassLoader@73c3cd09 - got cpw.mods.cl.ModuleClassLoader@30feffc
[18Oct2025 22:04:58.836] [main/DEBUG] [net.minecraftforge.fml.javafmlmod.FMLModContainer/LOADING]: Creating FMLModContainer instance for team.creative.playerrevive.PlayerRevive
[18Oct2025 22:04:58.837] [main/DEBUG] [net.minecraftforge.fml.javafmlmod.FMLJavaModLanguageProvider/LOADING]: Loading FMLModContainer from classloader cpw.mods.modlauncher.TransformingClassLoader@73c3cd09 - got cpw.mods.cl.ModuleClassLoader@30feffc
[18Oct2025 22:04:58.837] [main/DEBUG] [net.minecraftforge.fml.javafmlmod.FMLModContainer/LOADING]: Creating FMLModContainer instance for tn.naizo.jauml.JaumlCore
[18Oct2025 22:04:58.838] [main/DEBUG] [net.minecraftforge.fml.javafmlmod.FMLJavaModLanguageProvider/LOADING]: Loading FMLModContainer from classloader cpw.mods.modlauncher.TransformingClassLoader@73c3cd09 - got cpw.mods.cl.ModuleClassLoader@30feffc
[18Oct2025 22:04:58.838] [main/DEBUG] [net.minecraftforge.fml.javafmlmod.FMLModContainer/LOADING]: Creating FMLModContainer instance for net.cristellib.forge.CristelLibForge
[18Oct2025 22:04:58.868] [modloading-worker-0/INFO] [Easy NPC/]: Initializing Easy NPC (Forge) ...
[18Oct2025 22:04:58.869] [modloading-worker-0/INFO] [Easy NPC/]: 🗣 Register Easy NPC Debug Manager ...
[18Oct2025 22:04:58.872] [modloading-worker-0/WARN] [Easy NPC/]: [Debug Manager] Detected debug log level for Easy NPC with ALL!
[18Oct2025 22:04:58.873] [modloading-worker-0/WARN] [Easy NPC/]: [Debug Manager] Adjusting log level for Easy NPC from ALL to INFO, for performance reasons!
[18Oct2025 22:04:58.875] [modloading-worker-0/INFO] [Easy NPC/]: [Debug Manager] Add new logger config for Easy NPC with level INFO ...
[18Oct2025 22:04:58.878] [modloading-worker-0/INFO] [Easy NPC/]: 🗣 Register Easy NPC Constants ...
[18Oct2025 22:04:58.884] [modloading-worker-0/INFO] [Easy NPC/]: 🗣 Register Easy NPC Configuration ...
[18Oct2025 22:04:58.889] [modloading-worker-0/INFO] [Easy NPC/]: [Config] Updated configuration path to /workspaces/MedievalCraft-2/servidor_minecraft/config/easy_npc
[18Oct2025 22:04:58.892] [modloading-worker-0/INFO] [Easy NPC/]: [Config] Creating configuration folder /workspaces/MedievalCraft-2/servidor_minecraft/config/easy_npc
[18Oct2025 22:04:58.893] [modloading-worker-0/INFO] [Easy NPC/]: [Config] Registering common configuration ...
[18Oct2025 22:04:58.899] [modloading-worker-0/INFO] [Easy NPC/]: [Config] Creating configuration file /workspaces/MedievalCraft-2/servidor_minecraft/config/easy_npc/render_entity_type_support.cfg
[18Oct2025 22:04:58.942] [modloading-worker-0/INFO] [Easy NPC/]: [Config] Updating configuration file /workspaces/MedievalCraft-2/servidor_minecraft/config/easy_npc/render_entity_type_support.cfg Render Entity Type Support Configuration

 Please note that this configuration file only includes confirmed entity types.
 If an entity type is not listed here, it doesn't mean it's automatically supported or unsupported!
: {minecraft:giant=true, dannys_expansion:mundane_slime=false, botania:pool_minecart=false, botania:ender_air=false, minecraft:end_crystal=false, simple_mobs:rumble=false, minecraft:experience_bottle=false, minecraft:glow_squid=true, minecraft:trader_llama=true, orcz:decaystrikecustom=false, simple_mobs:staff_usage=false, minecraft:horse=true, the_bumblezone:purple_spike_entity=false, minecraft:llama=true, minecraft:husk=true, minecraft:cave_spider=true, minecraft:enderman=true, minecraft:dolphin=true, frostiful:freezing_wind=false, minecraft:shulker_bullet=false, simple_mobs:projecttest=false, minecraft:donkey=true, minecraft:area_effect_cloud=false, minecraft:ghast=false, frostiful:packed_snowball=false, twigs:pebble=false, handcrafted:fancy_painting=false, moretotems:summoned_zombie=false, minecraft:piglin_brute=true, minecraft:creeper=true, minecraft:glow_item_frame=false, minecraft:bee=true, botania:mana_storm=false, minecraft:illusioner=true, minecraft:player=false, minecraft:wither_skull=false, create:stationary_contraption=false, smallships:galley=false, minecraft:mooshroom=true, minecraft:eye_of_ender=false, minecraft:villager=true, ad_astra:tier_1_rocket=false, botania:magic_landmine=false, minecraft:stray=true, smallships:cog=false, minecraft:falling_block=false, minecraft:drowned=true, minecraft:axolotl=true, botania:flame_ring=false, botania:doppleganger=false, botania:ender_air_bottle=false, minecraft:tnt=false, ae2:tiny_tnt_primed=false, botania:magic_missile=false, create:crafting_blueprint=false, create:contraption=false, minecraft:strider=true, smallships:brigg=false, minecraft:guardian=true, minecraft:parrot=true, minecraft:arrow=false, lootr:lootr_minecart=false, the_bumblezone:pollen_puff=false, minecraft:chest_minecart=false, minecraft:wither=true, minecraft:ender_pearl=false, create:super_glue=false, handcrafted:seat=false, minecraft:wandering_trader=true, simple_mobs:dragon_smoke=false, minecraft:wither_skeleton=true, botania:thorn_chakram=false, minecraft:iron_golem=true, botania:pixie=false, dummmmmmy:target_dummy=false, minecraft:elder_guardian=true, graveyard:skull=false, minecraft:mule=true, the_bumblezone:bee_stinger=false, the_bumblezone:thrown_stinger_spear=false, minecraft:armor_stand=false, minecraft:vindicator=true, aquamirae:pillagers_patrol=false, botania:mana_burst=false, minecraft:slime=false, minecraft:evoker=true, botania:babylon_weapon=false, minecraft:leash_knot=false, terraform:boat=false, minecraft:pufferfish=true, swampier_swamps:swamp_gas=false, minecraft:experience_orb=false, ad_astra:tier_3_rocket=false, minecraft:fox=true, botania:thrown_item=false, the_bumblezone:cosmic_crystal_entity=false, graveyard:ghouling=false, botania:player_mover=false, minecraft:silverfish=true, minecraft:endermite=true, minecraft:firework_rocket=false, minecraft:chicken=true, minecraft:zombie=true, the_bumblezone:sentry_watcher=false, minecraft:spawner_minecart=false, botania:spark=false, botania:falling_star=false, minecraft:hoglin=true, minecraft:boat=false, minecraft:trident=false, friendsandfoes:player_illusion=false, minecraft:polar_bear=true, minecraft:phantom=false, ad_astra:tier_4_rocket=false, minecraft:zombified_piglin=true, minecraft:witch=true, ad_astra:tier_2_rocket=false, minecraft:pig=true, minecraft:turtle=true, moretotems:summoned_bee=false, minecraft:sheep=true, minecraft:ender_dragon=false, minecraft:goat=true, minecraft:item_frame=false, create:carriage_contraption=false, minecraft:vex=true, minecraft:minecart=false, minecraft:item=false, minecraft:dragon_fireball=false, minecraft:cod=true, minecraft:skeleton=true, ad_astra:space_painting=false, create:seat=false, simple_mobs:staff_interact=false, minecraft:ravager=true, minecraft:squid=true, minecraft:skeleton_horse=true, minecraft:cow=true, minecraft:potion=false, ad_astra:lander=false, minecraft:salmon=true, minecraft:snow_golem=true, minecraft:shulker=true, friendsandfoes:ice_chunk=false, minecraft:hopper_minecart=false, the_bumblezone:honey_crystal_shard=false, simple_mobs:lightning_spear=false, minecraft:rabbit=true, minecraft:painting=false, minecraft:pillager=true, the_bumblezone:electric_ring_entity=false, minecraft:zoglin=true, minecraft:lightning_bolt=false, frostiful:frost_spell=false, minecraft:fishing_bobber=false, minecraft:tnt_minecart=false, simple_mobs:ground_spike=false, minecraft:command_block_minecart=false, minecraft:bat=false, the_bumblezone:dirt_pellet=false, minecraft:fireball=false, minecraft:llama_spit=false, minecraft:furnace_minecart=false, minecraft:evoker_fangs=false, minecraft:piglin=true, minecraft:snowball=false, minecraft:spectral_arrow=false, orcz:wither_strikeringcustom=false, simple_mobs:elemental_chain=false, minecraft:blaze=true, ad_astra:ice_spit=false, techreborn:nuke=false, minecraft:egg=false, minecraft:zombie_horse=true, minecraft:magma_cube=false, minecraft:small_fireball=false, frostiful:thrown_icicle=false, minecraft:spider=true, ad_astra:tier_1_rover=false, minecraft:marker=false, majruszsdifficulty:cursed_armor=false, minecraft:text_display=false, farmersdelight:rotten_tomato=false, minecraft:cat=true, armourers_workshop:mannequin=false, create:gantry_contraption=false, minecraft:tropical_fish=true, botania:corporea_spark=false, minecraft:ocelot=true, minecraft:wolf=true, minecraft:panda=true, minecraft:zombie_villager=true}
[18Oct2025 22:04:58.969] [modloading-worker-0/INFO] [Easy NPC/]: [Config] Registering server configuration ...
[18Oct2025 22:04:58.972] [modloading-worker-0/INFO] [Easy NPC/]: 🗣 Register Easy NPC Common Data Files ...
[18Oct2025 22:04:58.974] [modloading-worker-0/INFO] [Easy NPC/]: 🗣 Register Easy NPC Common data folders ...
[18Oct2025 22:04:58.978] [modloading-worker-0/INFO] [Easy NPC/]: Creating cache folder at /workspaces/MedievalCraft-2/servidor_minecraft/easy_npc/cache ...
[18Oct2025 22:04:58.981] [modloading-worker-0/INFO] [Easy NPC/]: 🗣 Register Easy NPC Entity Data Serializers ...
[18Oct2025 22:04:59.190] [modloading-worker-0/INFO] [Easy NPC/]: Registered entity data serializer ActionEventSet with id 28
[18Oct2025 22:04:59.193] [modloading-worker-0/INFO] [Easy NPC/]: Registered entity data serializer CustomAttributes with id 29
[18Oct2025 22:04:59.193] [modloading-worker-0/INFO] [Easy NPC/]: Registered entity data serializer DialogDataSet with id 30
[18Oct2025 22:04:59.194] [modloading-worker-0/INFO] [Easy NPC/]: Registered entity data serializer DisplayAttributeSet with id 31
[18Oct2025 22:04:59.194] [modloading-worker-0/INFO] [Easy NPC/]: Registered entity data serializer EntityAttributes with id 32
[18Oct2025 22:04:59.195] [modloading-worker-0/INFO] [Easy NPC/]: Registered entity data serializer MerchantOffers with id 33
[18Oct2025 22:04:59.195] [modloading-worker-0/INFO] [Easy NPC/]: Registered entity data serializer ModelPose with id 34
[18Oct2025 22:04:59.198] [modloading-worker-0/INFO] [Easy NPC/]: Registered entity data serializer ObjectiveDataSet with id 35
[18Oct2025 22:04:59.198] [modloading-worker-0/INFO] [Easy NPC/]: Registered entity data serializer CustomPosition with id 36
[18Oct2025 22:04:59.198] [modloading-worker-0/INFO] [Easy NPC/]: Registered entity data serializer Profession with id 37
[18Oct2025 22:04:59.199] [modloading-worker-0/INFO] [Easy NPC/]: Registered entity data serializer RenderDataSet with id 38
[18Oct2025 22:04:59.200] [modloading-worker-0/INFO] [Easy NPC/]: Registered entity data serializer CustomRotation with id 39
[18Oct2025 22:04:59.202] [modloading-worker-0/INFO] [Easy NPC/]: Registered entity data serializer CustomScale with id 40
[18Oct2025 22:04:59.202] [modloading-worker-0/INFO] [Easy NPC/]: Registered entity data serializer SkinDataEntry with id 41
[18Oct2025 22:04:59.203] [modloading-worker-0/INFO] [Easy NPC/]: Registered entity data serializer SoundDataSet with id 42
[18Oct2025 22:04:59.203] [modloading-worker-0/INFO] [Easy NPC/]: Registered entity data serializer HashSet:UUID with id 43
[18Oct2025 22:04:59.203] [modloading-worker-0/INFO] [Easy NPC/]: Registered entity data serializer HashSet:String with id 44
[18Oct2025 22:04:59.204] [modloading-worker-0/INFO] [Easy NPC/]: Registered entity data serializer TradingDataSet with id 45
[18Oct2025 22:04:59.205] [modloading-worker-0/INFO] [Easy NPC/]: Registered entity data serializer UUID with id 46
[18Oct2025 22:04:59.207] [modloading-worker-0/INFO] [Easy NPC/]: 🗣 Register Easy NPC Compatibility Handler ...
[18Oct2025 22:04:59.212] [modloading-worker-0/INFO] [Easy NPC/]: 🗣 Register Easy NPC Compat Handler ...
[18Oct2025 22:04:59.213] [modloading-worker-0/INFO] [Easy NPC/]: [Compat Manager] Epic Fight mod with id 'epicfight' loaded: false
[18Oct2025 22:04:59.216] [modloading-worker-0/INFO] [Easy NPC/]: [Compat Manager] Cobblemon mod with id 'cobblemon' loaded: false
[18Oct2025 22:04:59.216] [modloading-worker-0/INFO] [Easy NPC/]: 🗣 Register Easy NPC Command Argument Types ...
[18Oct2025 22:04:59.221] [modloading-worker-0/INFO] [Easy NPC/]: 🗣 Register Easy NPC Entity Types ...
[18Oct2025 22:04:59.243] [modloading-worker-0/INFO] [Easy NPC/]: 🗣 Register Easy NPC Blocks ...
[18Oct2025 22:04:59.253] [modloading-worker-0/INFO] [Easy NPC/]: 🗣 Register Easy NPC Blocks Entity Types ...
[18Oct2025 22:04:59.255] [modloading-worker-0/INFO] [Easy NPC/]: 🗣 Register Easy NPC Items ...
[18Oct2025 22:04:59.279] [modloading-worker-0/INFO] [Easy NPC/]: 🗣 Register Easy NPC Menu Types ...
[18Oct2025 22:04:59.314] [modloading-worker-0/INFO] [Easy NPC/]: 🗣 Register Easy NPC Menu Handler ...
[18Oct2025 22:04:59.331] [modloading-worker-0/INFO] [Easy NPC/]: 🗣 Register Easy NPC Network Handler ...
[18Oct2025 22:04:59.335] [modloading-worker-0/INFO] [Easy NPC/]: Registering server network handler for Server -> Client messages.
[18Oct2025 22:04:59.339] [modloading-worker-0/INFO] [Easy NPC/]: 🗣 Register Easy NPC Client Network Message Handler ...
[18Oct2025 22:04:59.341] [modloading-worker-0/DEBUG] [net.minecraftforge.fml.javafmlmod.AutomaticEventSubscriber/LOADING]: Attempting to inject @EventBusSubscriber classes into the eventbus for easy_npc
[18Oct2025 22:04:59.355] [modloading-worker-0/DEBUG] [net.minecraftforge.fml.javafmlmod.AutomaticEventSubscriber/LOADING]: Auto-subscribing de.markusbordihn.easynpc.server.ServerEventHandler to FORGE
[18Oct2025 22:04:59.384] [modloading-worker-0/DEBUG] [net.minecraftforge.fml.javafmlmod.AutomaticEventSubscriber/LOADING]: Auto-subscribing de.markusbordihn.easynpc.entity.ModEntityType to MOD
[18Oct2025 22:04:59.386] [modloading-worker-0/DEBUG] [net.minecraftforge.fml.javafmlmod.AutomaticEventSubscriber/LOADING]: Auto-subscribing de.markusbordihn.easynpc.entity.LivingEntityEventHandler to FORGE
[18Oct2025 22:04:59.393] [modloading-worker-0/DEBUG] [net.minecraftforge.fml.javafmlmod.AutomaticEventSubscriber/LOADING]: Auto-subscribing de.markusbordihn.easynpc.commands.CommandsEventHandler to FORGE
[18Oct2025 22:04:59.410] [modloading-worker-0/DEBUG] [net.minecraftforge.fml.javafmlmod.AutomaticEventSubscriber/LOADING]: Attempting to inject @EventBusSubscriber classes into the eventbus for geckolib
[18Oct2025 22:04:59.411] [modloading-worker-0/DEBUG] [net.minecraftforge.fml.javafmlmod.AutomaticEventSubscriber/LOADING]: Auto-subscribing software.bernie.example.GeckoLibMod to FORGE
[18Oct2025 22:04:59.411] [modloading-worker-0/DEBUG] [net.minecraftforge.fml.javafmlmod.AutomaticEventSubscriber/LOADING]: Auto-subscribing software.bernie.example.CommonListener to MOD
[18Oct2025 22:04:59.590] [modloading-worker-0/DEBUG] [creativecore/]: Created network creativecore:main
[18Oct2025 22:04:59.591] [modloading-worker-0/DEBUG] [net.minecraftforge.fml.config.ConfigTracker/CONFIG]: Config file mowziesmobs-common.toml for mowziesmobs tracking
[18Oct2025 22:04:59.599] [modloading-worker-0/DEBUG] [net.minecraftforge.fml.javafmlmod.AutomaticEventSubscriber/LOADING]: Attempting to inject @EventBusSubscriber classes into the eventbus for creativecore
[18Oct2025 22:04:59.633] [modloading-worker-0/DEBUG] [net.minecraftforge.fml.config.ConfigTracker/CONFIG]: Config file curios-client.toml for curios tracking
[18Oct2025 22:04:59.638] [modloading-worker-0/DEBUG] [net.minecraftforge.fml.config.ConfigTracker/CONFIG]: Config file curios-common.toml for curios tracking
[18Oct2025 22:04:59.640] [modloading-worker-0/DEBUG] [net.minecraftforge.fml.config.ConfigTracker/CONFIG]: Config file curios-server.toml for curios tracking
[18Oct2025 22:04:59.640] [modloading-worker-0/DEBUG] [net.minecraftforge.fml.javafmlmod.AutomaticEventSubscriber/LOADING]: Attempting to inject @EventBusSubscriber classes into the eventbus for curios
[18Oct2025 22:04:59.712] [modloading-worker-0/DEBUG] [net.minecraftforge.fml.javafmlmod.AutomaticEventSubscriber/LOADING]: Attempting to inject @EventBusSubscriber classes into the eventbus for mowziesmobs
[18Oct2025 22:04:59.714] [modloading-worker-0/DEBUG] [net.minecraftforge.fml.javafmlmod.AutomaticEventSubscriber/LOADING]: Auto-subscribing com.bobmowzie.mowziesmobs.server.sound.MMSounds to FORGE
[18Oct2025 22:04:59.714] [modloading-worker-0/DEBUG] [net.minecraftforge.fml.javafmlmod.AutomaticEventSubscriber/LOADING]: Auto-subscribing com.bobmowzie.mowziesmobs.server.inventory.ContainerHandler to MOD
[18Oct2025 22:04:59.714] [modloading-worker-0/DEBUG] [net.minecraftforge.fml.javafmlmod.AutomaticEventSubscriber/LOADING]: Auto-subscribing com.bobmowzie.mowziesmobs.server.entity.EntityHandler to MOD
[18Oct2025 22:04:59.715] [modloading-worker-0/DEBUG] [net.minecraftforge.fml.javafmlmod.AutomaticEventSubscriber/LOADING]: Auto-subscribing com.bobmowzie.mowziesmobs.server.config.ConfigHandler to MOD
[18Oct2025 22:04:59.715] [modloading-worker-0/DEBUG] [net.minecraftforge.fml.javafmlmod.AutomaticEventSubscriber/LOADING]: Auto-subscribing com.bobmowzie.mowziesmobs.MowziesMobs to FORGE
[18Oct2025 22:04:59.715] [modloading-worker-0/DEBUG] [net.minecraftforge.fml.javafmlmod.AutomaticEventSubscriber/LOADING]: Auto-subscribing com.bobmowzie.mowziesmobs.datagen.DataGenerators to MOD
[18Oct2025 22:04:59.749] [modloading-worker-0/DEBUG] [net.minecraftforge.fml.config.ConfigTracker/CONFIG]: Config file citadel-common.toml for citadel tracking
[18Oct2025 22:04:59.754] [modloading-worker-0/DEBUG] [net.minecraftforge.fml.javafmlmod.AutomaticEventSubscriber/LOADING]: Attempting to inject @EventBusSubscriber classes into the eventbus for citadel
[18Oct2025 22:04:59.756] [modloading-worker-0/DEBUG] [net.minecraftforge.fml.javafmlmod.AutomaticEventSubscriber/LOADING]: Auto-subscribing com.github.alexthe666.citadel.ServerProxy to MOD
[18Oct2025 22:05:00.135] [modloading-worker-0/DEBUG] [net.minecraftforge.fml.config.ConfigTracker/CONFIG]: Config file alexsmobs.toml for alexsmobs tracking
[18Oct2025 22:05:00.215] [modloading-worker-0/DEBUG] [net.minecraftforge.fml.javafmlmod.AutomaticEventSubscriber/LOADING]: Attempting to inject @EventBusSubscriber classes into the eventbus for alexsmobs
[18Oct2025 22:05:00.215] [modloading-worker-0/DEBUG] [net.minecraftforge.fml.javafmlmod.AutomaticEventSubscriber/LOADING]: Auto-subscribing com.github.alexthe666.alexsmobs.world.AMWorldRegistry to MOD
[18Oct2025 22:05:00.220] [modloading-worker-0/DEBUG] [net.minecraftforge.fml.javafmlmod.AutomaticEventSubscriber/LOADING]: Auto-subscribing com.github.alexthe666.alexsmobs.tileentity.AMTileEntityRegistry to MOD
[18Oct2025 22:05:00.223] [modloading-worker-0/DEBUG] [net.minecraftforge.fml.javafmlmod.AutomaticEventSubscriber/LOADING]: Auto-subscribing com.github.alexthe666.alexsmobs.event.ServerEvents to FORGE
[18Oct2025 22:05:00.226] [modloading-worker-0/DEBUG] [net.minecraftforge.fml.javafmlmod.AutomaticEventSubscriber/LOADING]: Auto-subscribing com.github.alexthe666.alexsmobs.entity.AMEntityRegistry to MOD
[18Oct2025 22:05:00.228] [modloading-worker-0/DEBUG] [net.minecraftforge.fml.javafmlmod.AutomaticEventSubscriber/LOADING]: Auto-subscribing com.github.alexthe666.alexsmobs.CommonProxy to MOD
[18Oct2025 22:05:00.232] [modloading-worker-0/DEBUG] [net.minecraftforge.fml.javafmlmod.AutomaticEventSubscriber/LOADING]: Auto-subscribing com.github.alexthe666.alexsmobs.AlexsMobs to FORGE
[18Oct2025 22:05:00.239] [modloading-worker-0/DEBUG] [net.minecraftforge.fml.javafmlmod.AutomaticEventSubscriber/LOADING]: Attempting to inject @EventBusSubscriber classes into the eventbus for backpacked
[18Oct2025 22:05:00.239] [modloading-worker-0/ERROR] [net.minecraftforge.fml.javafmlmod.FMLModContainer/LOADING]: Failed to create mod instance. ModID: memory_of_the_past, class tn.mbs.memory.MemoryOfThePastMod
java.lang.NoSuchMethodException: tn.mbs.memory.MemoryOfThePastMod.<init>()
	at java.lang.Class.getConstructor0(Class.java:3585) ~[?:?]
	at java.lang.Class.getDeclaredConstructor(Class.java:2754) ~[?:?]
	at net.minecraftforge.fml.javafmlmod.FMLModContainer.constructMod(FMLModContainer.java:70) ~[javafmllanguage-1.20.1-47.3.7.jar%23145!/:?]
	at net.minecraftforge.fml.ModContainer.lambda$buildTransitionHandler$4(ModContainer.java:124) ~[fmlcore-1.20.1-47.3.7.jar%23144!/:?]
	at java.util.concurrent.CompletableFuture$AsyncRun.run(CompletableFuture.java:1804) ~[?:?]
	at java.util.concurrent.CompletableFuture$AsyncRun.exec(CompletableFuture.java:1796) ~[?:?]
	at java.util.concurrent.ForkJoinTask.doExec(ForkJoinTask.java:373) ~[?:?]
	at java.util.concurrent.ForkJoinPool$WorkQueue.topLevelExec(ForkJoinPool.java:1182) ~[?:?]
	at java.util.concurrent.ForkJoinPool.scan(ForkJoinPool.java:1655) ~[?:?]
	at java.util.concurrent.ForkJoinPool.runWorker(ForkJoinPool.java:1622) ~[?:?]
	at java.util.concurrent.ForkJoinWorkerThread.run(ForkJoinWorkerThread.java:165) ~[?:?]
[18Oct2025 22:05:00.256] [modloading-worker-0/ERROR] [net.minecraftforge.fml.javafmlmod.FMLModContainer/LOADING]: Failed to create mod instance. ModID: ascendant_mobs, class tn.mbs.ascendantmobs.AscendantMobsMod
java.lang.NoSuchMethodException: tn.mbs.ascendantmobs.AscendantMobsMod.<init>()
	at java.lang.Class.getConstructor0(Class.java:3585) ~[?:?]
	at java.lang.Class.getDeclaredConstructor(Class.java:2754) ~[?:?]
	at net.minecraftforge.fml.javafmlmod.FMLModContainer.constructMod(FMLModContainer.java:70) ~[javafmllanguage-1.20.1-47.3.7.jar%23145!/:?]
	at net.minecraftforge.fml.ModContainer.lambda$buildTransitionHandler$4(ModContainer.java:124) ~[fmlcore-1.20.1-47.3.7.jar%23144!/:?]
	at java.util.concurrent.CompletableFuture$AsyncRun.run(CompletableFuture.java:1804) ~[?:?]
	at java.util.concurrent.CompletableFuture$AsyncRun.exec(CompletableFuture.java:1796) ~[?:?]
	at java.util.concurrent.ForkJoinTask.doExec(ForkJoinTask.java:373) ~[?:?]
	at java.util.concurrent.ForkJoinPool$WorkQueue.topLevelExec(ForkJoinPool.java:1182) ~[?:?]
	at java.util.concurrent.ForkJoinPool.scan(ForkJoinPool.java:1655) ~[?:?]
	at java.util.concurrent.ForkJoinPool.runWorker(ForkJoinPool.java:1622) ~[?:?]
	at java.util.concurrent.ForkJoinWorkerThread.run(ForkJoinWorkerThread.java:165) ~[?:?]
[18Oct2025 22:05:00.272] [modloading-worker-0/DEBUG] [net.minecraftforge.fml.config.ConfigTracker/CONFIG]: Config file tlc.toml for tlc tracking
[18Oct2025 22:05:00.277] [modloading-worker-0/WARN] [net.minecraftforge.common.ForgeConfigSpec/CORE]: Configuration file /workspaces/MedievalCraft-2/servidor_minecraft/config/tlc.toml is not correct. Correcting
[18Oct2025 22:05:00.282] [modloading-worker-0/WARN] [net.minecraftforge.common.ForgeConfigSpec/CORE]: Incorrect key tlc was corrected from null to its default, SimpleCommentedConfig:{}. 
[18Oct2025 22:05:00.282] [modloading-worker-0/WARN] [net.minecraftforge.common.ForgeConfigSpec/CORE]: Incorrect key tlc.generate_stronghold was corrected from null to its default, false. 
[18Oct2025 22:05:00.282] [modloading-worker-0/DEBUG] [net.minecraftforge.common.ForgeConfigSpec/CORE]: The comment on key tlc.generate_stronghold does not match the spec. This may create a backup.
[18Oct2025 22:05:00.284] [modloading-worker-0/DEBUG] [net.minecraftforge.fml.javafmlmod.AutomaticEventSubscriber/LOADING]: Attempting to inject @EventBusSubscriber classes into the eventbus for tlc
[18Oct2025 22:05:00.288] [modloading-worker-0/DEBUG] [net.minecraftforge.fml.javafmlmod.AutomaticEventSubscriber/LOADING]: Auto-subscribing com.teamremastered.tlc.utils.LCMap to FORGE
[18Oct2025 22:05:00.308] [modloading-worker-0/DEBUG] [net.minecraftforge.fml.config.ConfigTracker/CONFIG]: Config file iceandfire-client.toml for iceandfire tracking
[18Oct2025 22:05:00.308] [modloading-worker-0/DEBUG] [net.minecraftforge.fml.config.ConfigTracker/CONFIG]: Config file iceandfire-common.toml for iceandfire tracking
[18Oct2025 22:05:00.866] [modloading-worker-0/DEBUG] [net.minecraftforge.fml.javafmlmod.AutomaticEventSubscriber/LOADING]: Attempting to inject @EventBusSubscriber classes into the eventbus for dungeons_and_combat
[18Oct2025 22:05:00.866] [modloading-worker-0/DEBUG] [net.minecraftforge.fml.javafmlmod.AutomaticEventSubscriber/LOADING]: Auto-subscribing net.mcreator.dungeonsandcombat.recipes.brewing.MimicEyeNightVisionBrewingRecipe to MOD
[18Oct2025 22:05:00.868] [modloading-worker-0/DEBUG] [net.minecraftforge.fml.javafmlmod.AutomaticEventSubscriber/LOADING]: Auto-subscribing net.mcreator.dungeonsandcombat.recipes.brewing.LongHasteIIPotionRecipeBrewingRecipe to MOD
[18Oct2025 22:05:00.870] [modloading-worker-0/DEBUG] [net.minecraftforge.fml.javafmlmod.AutomaticEventSubscriber/LOADING]: Auto-subscribing net.mcreator.dungeonsandcombat.recipes.brewing.LongGigantPotionRecipeBrewingRecipe to MOD
[18Oct2025 22:05:00.874] [modloading-worker-0/DEBUG] [net.minecraftforge.fml.javafmlmod.AutomaticEventSubscriber/LOADING]: Auto-subscribing net.mcreator.dungeonsandcombat.recipes.brewing.LongFrozenRecistanceRecipeBrewingRecipe to MOD
[18Oct2025 22:05:00.875] [modloading-worker-0/DEBUG] [net.minecraftforge.fml.javafmlmod.AutomaticEventSubscriber/LOADING]: Auto-subscribing net.mcreator.dungeonsandcombat.recipes.brewing.IntoxicatedPotionRecipeBrewingRecipe to MOD
[18Oct2025 22:05:00.878] [modloading-worker-0/DEBUG] [net.minecraftforge.fml.javafmlmod.AutomaticEventSubscriber/LOADING]: Auto-subscribing net.mcreator.dungeonsandcombat.recipes.brewing.HorusoFeatherSlowFallingBrewingRecipe to MOD
[18Oct2025 22:05:00.879] [modloading-worker-0/DEBUG] [net.minecraftforge.fml.javafmlmod.AutomaticEventSubscriber/LOADING]: Auto-subscribing net.mcreator.dungeonsandcombat.recipes.brewing.HastePotionIIRecipeBrewingRecipe to MOD
[18Oct2025 22:05:00.880] [modloading-worker-0/DEBUG] [net.minecraftforge.fml.javafmlmod.AutomaticEventSubscriber/LOADING]: Auto-subscribing net.mcreator.dungeonsandcombat.recipes.brewing.HasteIIIPotionRecipeBrewingRecipe to MOD
[18Oct2025 22:05:00.886] [modloading-worker-0/DEBUG] [net.minecraftforge.fml.javafmlmod.AutomaticEventSubscriber/LOADING]: Auto-subscribing net.mcreator.dungeonsandcombat.recipes.brewing.GigantPotionRecipeBrewingRecipe to MOD
[18Oct2025 22:05:00.887] [modloading-worker-0/DEBUG] [net.minecraftforge.fml.javafmlmod.AutomaticEventSubscriber/LOADING]: Auto-subscribing net.mcreator.dungeonsandcombat.recipes.brewing.FrozenPotionRecistanceBrewingRecipe to MOD
[18Oct2025 22:05:00.892] [modloading-worker-0/DEBUG] [net.minecraftforge.fml.javafmlmod.AutomaticEventSubscriber/LOADING]: Auto-subscribing net.mcreator.dungeonsandcombat.recipes.brewing.FlowerFairyWingsLevitationBrewingRecipe to MOD
[18Oct2025 22:05:00.895] [modloading-worker-0/DEBUG] [net.minecraftforge.fml.javafmlmod.AutomaticEventSubscriber/LOADING]: Auto-subscribing net.mcreator.dungeonsandcombat.recipes.brewing.DivinitePotionRecipeBrewingRecipe to MOD
[18Oct2025 22:05:00.896] [modloading-worker-0/DEBUG] [net.minecraftforge.fml.javafmlmod.AutomaticEventSubscriber/LOADING]: Auto-subscribing net.mcreator.dungeonsandcombat.procedures.WitherEdgeEffectProcedure to FORGE
[18Oct2025 22:05:00.897] [modloading-worker-0/DEBUG] [net.minecraftforge.fml.javafmlmod.AutomaticEventSubscriber/LOADING]: Auto-subscribing net.mcreator.dungeonsandcombat.procedures.WithAdvancementProcedure to FORGE
[18Oct2025 22:05:00.902] [modloading-worker-0/DEBUG] [net.minecraftforge.fml.javafmlmod.AutomaticEventSubscriber/LOADING]: Auto-subscribing net.mcreator.dungeonsandcombat.procedures.VillagerChaliceProcedure to FORGE
[18Oct2025 22:05:00.903] [modloading-worker-0/DEBUG] [net.minecraftforge.fml.javafmlmod.AutomaticEventSubscriber/LOADING]: Auto-subscribing net.mcreator.dungeonsandcombat.procedures.ToxinEdgeEffectProcedure to FORGE
[18Oct2025 22:05:00.906] [modloading-worker-0/DEBUG] [net.minecraftforge.fml.javafmlmod.AutomaticEventSubscriber/LOADING]: Auto-subscribing net.mcreator.dungeonsandcombat.procedures.TotemOfSacrificieProcedure to FORGE
[18Oct2025 22:05:00.909] [modloading-worker-0/DEBUG] [net.minecraftforge.fml.javafmlmod.AutomaticEventSubscriber/LOADING]: Auto-subscribing net.mcreator.dungeonsandcombat.procedures.TitanClassEverProcedure to FORGE
[18Oct2025 22:05:00.912] [modloading-worker-0/DEBUG] [net.minecraftforge.fml.javafmlmod.AutomaticEventSubscriber/LOADING]: Auto-subscribing net.mcreator.dungeonsandcombat.procedures.SunleiaHandEffectProcedure to FORGE
[18Oct2025 22:05:00.913] [modloading-worker-0/DEBUG] [net.minecraftforge.fml.javafmlmod.AutomaticEventSubscriber/LOADING]: Auto-subscribing net.mcreator.dungeonsandcombat.procedures.StyleManualGivenProcedure to FORGE
[18Oct2025 22:05:00.914] [modloading-worker-0/DEBUG] [net.minecraftforge.fml.javafmlmod.AutomaticEventSubscriber/LOADING]: Auto-subscribing net.mcreator.dungeonsandcombat.procedures.SteelArmorSetBonusProcedure to FORGE
[18Oct2025 22:05:00.921] [modloading-worker-0/DEBUG] [net.minecraftforge.fml.javafmlmod.AutomaticEventSubscriber/LOADING]: Auto-subscribing net.mcreator.dungeonsandcombat.procedures.SilverWeaponEffectProcedure to FORGE
[18Oct2025 22:05:00.922] [modloading-worker-0/DEBUG] [net.minecraftforge.fml.javafmlmod.AutomaticEventSubscriber/LOADING]: Auto-subscribing net.mcreator.dungeonsandcombat.procedures.SilverAuraEffectProcedure to FORGE
[18Oct2025 22:05:00.926] [modloading-worker-0/DEBUG] [net.minecraftforge.fml.javafmlmod.AutomaticEventSubscriber/LOADING]: Auto-subscribing net.mcreator.dungeonsandcombat.procedures.SanguineStaffIIIEfectProcedure to FORGE
[18Oct2025 22:05:00.927] [modloading-worker-0/DEBUG] [net.minecraftforge.fml.javafmlmod.AutomaticEventSubscriber/LOADING]: Auto-subscribing net.mcreator.dungeonsandcombat.procedures.SanguineStaffIIEffectProcedure to FORGE
[18Oct2025 22:05:00.930] [modloading-worker-0/DEBUG] [net.minecraftforge.fml.javafmlmod.AutomaticEventSubscriber/LOADING]: Auto-subscribing net.mcreator.dungeonsandcombat.procedures.SanguineStaffEffectProcedure to FORGE
[18Oct2025 22:05:00.931] [modloading-worker-0/DEBUG] [net.minecraftforge.fml.javafmlmod.AutomaticEventSubscriber/LOADING]: Auto-subscribing net.mcreator.dungeonsandcombat.procedures.SandstoneBonusArmorSetProcedure to FORGE
[18Oct2025 22:05:00.934] [modloading-worker-0/DEBUG] [net.minecraftforge.fml.javafmlmod.AutomaticEventSubscriber/LOADING]: Auto-subscribing net.mcreator.dungeonsandcombat.procedures.RogueClassEverProcedure to FORGE
[18Oct2025 22:05:00.935] [modloading-worker-0/DEBUG] [net.minecraftforge.fml.javafmlmod.AutomaticEventSubscriber/LOADING]: Auto-subscribing net.mcreator.dungeonsandcombat.procedures.PoisonEdgeEffectProcedure to FORGE
[18Oct2025 22:05:00.936] [modloading-worker-0/DEBUG] [net.minecraftforge.fml.javafmlmod.AutomaticEventSubscriber/LOADING]: Auto-subscribing net.mcreator.dungeonsandcombat.procedures.OniSlayerEdgeProcedure to FORGE
[18Oct2025 22:05:00.937] [modloading-worker-0/DEBUG] [net.minecraftforge.fml.javafmlmod.AutomaticEventSubscriber/LOADING]: Auto-subscribing net.mcreator.dungeonsandcombat.procedures.OniSlayerClassEverProcedure to FORGE
[18Oct2025 22:05:00.938] [modloading-worker-0/DEBUG] [net.minecraftforge.fml.javafmlmod.AutomaticEventSubscriber/LOADING]: Auto-subscribing net.mcreator.dungeonsandcombat.procedures.OniSlayerAttackProcedure to FORGE
[18Oct2025 22:05:00.941] [modloading-worker-0/DEBUG] [net.minecraftforge.fml.javafmlmod.AutomaticEventSubscriber/LOADING]: Auto-subscribing net.mcreator.dungeonsandcombat.procedures.NeptuniumArmorBonusSetProcedure to FORGE
[18Oct2025 22:05:00.944] [modloading-worker-0/DEBUG] [net.minecraftforge.fml.javafmlmod.AutomaticEventSubscriber/LOADING]: Auto-subscribing net.mcreator.dungeonsandcombat.procedures.MoltenRingEffectProcedure to FORGE
[18Oct2025 22:05:00.944] [modloading-worker-0/DEBUG] [net.minecraftforge.fml.javafmlmod.AutomaticEventSubscriber/LOADING]: Auto-subscribing net.mcreator.dungeonsandcombat.procedures.MoltenDarkSteelSetBonusProcedure to FORGE
[18Oct2025 22:05:00.946] [modloading-worker-0/DEBUG] [net.minecraftforge.fml.javafmlmod.AutomaticEventSubscriber/LOADING]: Auto-subscribing net.mcreator.dungeonsandcombat.procedures.MoltenBlazingCursedArmorSetProcedure to FORGE
[18Oct2025 22:05:00.949] [modloading-worker-0/DEBUG] [net.minecraftforge.fml.javafmlmod.AutomaticEventSubscriber/LOADING]: Auto-subscribing net.mcreator.dungeonsandcombat.procedures.MoltenBlazingArmorBonusSetProcedure to FORGE
[18Oct2025 22:05:00.950] [modloading-worker-0/DEBUG] [net.minecraftforge.fml.javafmlmod.AutomaticEventSubscriber/LOADING]: Auto-subscribing net.mcreator.dungeonsandcombat.procedures.MimicAttackProcedure to FORGE
[18Oct2025 22:05:00.953] [modloading-worker-0/DEBUG] [net.minecraftforge.fml.javafmlmod.AutomaticEventSubscriber/LOADING]: Auto-subscribing net.mcreator.dungeonsandcombat.procedures.LifeStealEffectProcedure to FORGE
[18Oct2025 22:05:00.953] [modloading-worker-0/DEBUG] [net.minecraftforge.fml.javafmlmod.AutomaticEventSubscriber/LOADING]: Auto-subscribing net.mcreator.dungeonsandcombat.procedures.HunterFuryIIHitEffectProcedure to FORGE
[18Oct2025 22:05:00.957] [modloading-worker-0/DEBUG] [net.minecraftforge.fml.javafmlmod.AutomaticEventSubscriber/LOADING]: Auto-subscribing net.mcreator.dungeonsandcombat.procedures.HunterFuryHitEffectProcedure to FORGE
[18Oct2025 22:05:00.957] [modloading-worker-0/DEBUG] [net.minecraftforge.fml.javafmlmod.AutomaticEventSubscriber/LOADING]: Auto-subscribing net.mcreator.dungeonsandcombat.procedures.HorusoArmorBonusSetProcedure to FORGE
[18Oct2025 22:05:00.958] [modloading-worker-0/DEBUG] [net.minecraftforge.fml.javafmlmod.AutomaticEventSubscriber/LOADING]: Auto-subscribing net.mcreator.dungeonsandcombat.procedures.ForgottenSandsAdvancementProcedure to FORGE
[18Oct2025 22:05:00.961] [modloading-worker-0/DEBUG] [net.minecraftforge.fml.javafmlmod.AutomaticEventSubscriber/LOADING]: Auto-subscribing net.mcreator.dungeonsandcombat.procedures.ForgottenKnightClassEverProcedure to FORGE
[18Oct2025 22:05:00.962] [modloading-worker-0/DEBUG] [net.minecraftforge.fml.javafmlmod.AutomaticEventSubscriber/LOADING]: Auto-subscribing net.mcreator.dungeonsandcombat.procedures.FlamingGlovesEffectProcedure to FORGE
[18Oct2025 22:05:00.965] [modloading-worker-0/DEBUG] [net.minecraftforge.fml.javafmlmod.AutomaticEventSubscriber/LOADING]: Auto-subscribing net.mcreator.dungeonsandcombat.procedures.FlameGiveMeStrenghtAuraEffectProcedure to FORGE
[18Oct2025 22:05:00.966] [modloading-worker-0/DEBUG] [net.minecraftforge.fml.javafmlmod.AutomaticEventSubscriber/LOADING]: Auto-subscribing net.mcreator.dungeonsandcombat.procedures.FangNecklaceAccesorieEffectProcedure to FORGE
[18Oct2025 22:05:00.969] [modloading-worker-0/DEBUG] [net.minecraftforge.fml.javafmlmod.AutomaticEventSubscriber/LOADING]: Auto-subscribing net.mcreator.dungeonsandcombat.procedures.EternalRestRingEffectProcedure to FORGE
[18Oct2025 22:05:00.972] [modloading-worker-0/DEBUG] [net.minecraftforge.fml.javafmlmod.AutomaticEventSubscriber/LOADING]: Auto-subscribing net.mcreator.dungeonsandcombat.procedures.EbonyShieldBlockingProcedure to FORGE
[18Oct2025 22:05:00.973] [modloading-worker-0/DEBUG] [net.minecraftforge.fml.javafmlmod.AutomaticEventSubscriber/LOADING]: Auto-subscribing net.mcreator.dungeonsandcombat.procedures.EbonyArmorBonusArmorSetProcedure to FORGE
[18Oct2025 22:05:00.978] [modloading-worker-0/DEBUG] [net.minecraftforge.fml.javafmlmod.AutomaticEventSubscriber/LOADING]: Auto-subscribing net.mcreator.dungeonsandcombat.procedures.DungeonsAndCombatLogroProcedure to FORGE
[18Oct2025 22:05:00.979] [modloading-worker-0/DEBUG] [net.minecraftforge.fml.javafmlmod.AutomaticEventSubscriber/LOADING]: Auto-subscribing net.mcreator.dungeonsandcombat.procedures.DragonsteelLightningArmorBonusSetProcedure to FORGE
[18Oct2025 22:05:00.983] [modloading-worker-0/DEBUG] [net.minecraftforge.fml.javafmlmod.AutomaticEventSubscriber/LOADING]: Auto-subscribing net.mcreator.dungeonsandcombat.procedures.DragonsteelIceArmorBonusSetProcedure to FORGE
[18Oct2025 22:05:00.984] [modloading-worker-0/DEBUG] [net.minecraftforge.fml.javafmlmod.AutomaticEventSubscriber/LOADING]: Auto-subscribing net.mcreator.dungeonsandcombat.procedures.DragonsteelFireArmorBonusSetProcedure to FORGE
[18Oct2025 22:05:00.989] [modloading-worker-0/DEBUG] [net.minecraftforge.fml.javafmlmod.AutomaticEventSubscriber/LOADING]: Auto-subscribing net.mcreator.dungeonsandcombat.procedures.DeadlyAuraEffectProcedure to FORGE
[18Oct2025 22:05:00.990] [modloading-worker-0/DEBUG] [net.minecraftforge.fml.javafmlmod.AutomaticEventSubscriber/LOADING]: Auto-subscribing net.mcreator.dungeonsandcombat.procedures.DarkMetalArmorSetProcedure to FORGE
[18Oct2025 22:05:00.991] [modloading-worker-0/DEBUG] [net.minecraftforge.fml.javafmlmod.AutomaticEventSubscriber/LOADING]: Auto-subscribing net.mcreator.dungeonsandcombat.procedures.CursedLampOffHandProcedure to FORGE
[18Oct2025 22:05:00.996] [modloading-worker-0/DEBUG] [net.minecraftforge.fml.javafmlmod.AutomaticEventSubscriber/LOADING]: Auto-subscribing net.mcreator.dungeonsandcombat.procedures.CrimsonShieldHealthProcedure to FORGE
[18Oct2025 22:05:00.996] [modloading-worker-0/DEBUG] [net.minecraftforge.fml.javafmlmod.AutomaticEventSubscriber/LOADING]: Auto-subscribing net.mcreator.dungeonsandcombat.procedures.CrimsonArmorBonusProcedure to FORGE
[18Oct2025 22:05:01.001] [modloading-worker-0/DEBUG] [net.minecraftforge.fml.javafmlmod.AutomaticEventSubscriber/LOADING]: Auto-subscribing net.mcreator.dungeonsandcombat.procedures.ChaliceWithImpureBloodFillProcedure to FORGE
[18Oct2025 22:05:01.002] [modloading-worker-0/DEBUG] [net.minecraftforge.fml.javafmlmod.AutomaticEventSubscriber/LOADING]: Auto-subscribing net.mcreator.dungeonsandcombat.procedures.ChaliceWithBloodFillProcedure to FORGE
[18Oct2025 22:05:01.007] [modloading-worker-0/DEBUG] [net.minecraftforge.fml.javafmlmod.AutomaticEventSubscriber/LOADING]: Auto-subscribing net.mcreator.dungeonsandcombat.procedures.CatacumbsLugubriousAdvancementProcedure to FORGE
[18Oct2025 22:05:01.012] [modloading-worker-0/DEBUG] [net.minecraftforge.fml.javafmlmod.AutomaticEventSubscriber/LOADING]: Auto-subscribing net.mcreator.dungeonsandcombat.procedures.BurningEdgeEffectProcedure to FORGE
[18Oct2025 22:05:01.013] [modloading-worker-0/DEBUG] [net.minecraftforge.fml.javafmlmod.AutomaticEventSubscriber/LOADING]: Auto-subscribing net.mcreator.dungeonsandcombat.procedures.BurningAuraEffectProcedure to FORGE
[18Oct2025 22:05:01.013] [modloading-worker-0/DEBUG] [net.minecraftforge.fml.javafmlmod.AutomaticEventSubscriber/LOADING]: Auto-subscribing net.mcreator.dungeonsandcombat.procedures.BurningAuraCursedProcedure to FORGE
[18Oct2025 22:05:01.019] [modloading-worker-0/DEBUG] [net.minecraftforge.fml.javafmlmod.AutomaticEventSubscriber/LOADING]: Auto-subscribing net.mcreator.dungeonsandcombat.procedures.BronzeBarbarianHelmetTickEventProcedure to FORGE
[18Oct2025 22:05:01.020] [modloading-worker-0/DEBUG] [net.minecraftforge.fml.javafmlmod.AutomaticEventSubscriber/LOADING]: Auto-subscribing net.mcreator.dungeonsandcombat.procedures.BountyHunterClassEverProcedure to FORGE
[18Oct2025 22:05:01.021] [modloading-worker-0/DEBUG] [net.minecraftforge.fml.javafmlmod.AutomaticEventSubscriber/LOADING]: Auto-subscribing net.mcreator.dungeonsandcombat.procedures.BloodCultAdvancementProcedure to FORGE
[18Oct2025 22:05:01.026] [modloading-worker-0/DEBUG] [net.minecraftforge.fml.javafmlmod.AutomaticEventSubscriber/LOADING]: Auto-subscribing net.mcreator.dungeonsandcombat.procedures.BlessedGoldToolsProcedure to FORGE
[18Oct2025 22:05:01.026] [modloading-worker-0/DEBUG] [net.minecraftforge.fml.javafmlmod.AutomaticEventSubscriber/LOADING]: Auto-subscribing net.mcreator.dungeonsandcombat.procedures.BlessedGoldArmorSetProcedure to FORGE
[18Oct2025 22:05:01.031] [modloading-worker-0/DEBUG] [net.minecraftforge.fml.javafmlmod.AutomaticEventSubscriber/LOADING]: Auto-subscribing net.mcreator.dungeonsandcombat.procedures.BleedingEdgeEffectProcedure to FORGE
[18Oct2025 22:05:01.032] [modloading-worker-0/DEBUG] [net.minecraftforge.fml.javafmlmod.AutomaticEventSubscriber/LOADING]: Auto-subscribing net.mcreator.dungeonsandcombat.procedures.BlazingFortressAdvancementProcedure to FORGE
[18Oct2025 22:05:01.035] [modloading-worker-0/DEBUG] [net.minecraftforge.fml.javafmlmod.AutomaticEventSubscriber/LOADING]: Auto-subscribing net.mcreator.dungeonsandcombat.procedures.AmmitEdgeEffectProcedure to FORGE
[18Oct2025 22:05:01.036] [modloading-worker-0/DEBUG] [net.minecraftforge.fml.javafmlmod.AutomaticEventSubscriber/LOADING]: Auto-subscribing net.mcreator.dungeonsandcombat.procedures.AmmitArmorBonusSetProcedure to FORGE
[18Oct2025 22:05:01.037] [modloading-worker-0/DEBUG] [net.minecraftforge.fml.javafmlmod.AutomaticEventSubscriber/LOADING]: Auto-subscribing net.mcreator.dungeonsandcombat.procedures.AcidMoltenBlazingAuraProcedure to FORGE
[18Oct2025 22:05:01.039] [modloading-worker-0/DEBUG] [net.minecraftforge.fml.javafmlmod.AutomaticEventSubscriber/LOADING]: Auto-subscribing net.mcreator.dungeonsandcombat.procedures.AcidFiredEntityProcedure to FORGE
[18Oct2025 22:05:01.043] [modloading-worker-0/DEBUG] [net.minecraftforge.fml.javafmlmod.AutomaticEventSubscriber/LOADING]: Auto-subscribing net.mcreator.dungeonsandcombat.procedures.AcidFireExtingProcedure to FORGE
[18Oct2025 22:05:01.044] [modloading-worker-0/DEBUG] [net.minecraftforge.fml.javafmlmod.AutomaticEventSubscriber/LOADING]: Auto-subscribing net.mcreator.dungeonsandcombat.procedures.AcidFireEdgeEffectProcedure to FORGE
[18Oct2025 22:05:01.045] [modloading-worker-0/DEBUG] [net.minecraftforge.fml.javafmlmod.AutomaticEventSubscriber/LOADING]: Auto-subscribing net.mcreator.dungeonsandcombat.procedures.AberratorChaliceProcedure to FORGE
[18Oct2025 22:05:01.048] [modloading-worker-0/DEBUG] [net.minecraftforge.fml.javafmlmod.AutomaticEventSubscriber/LOADING]: Auto-subscribing net.mcreator.dungeonsandcombat.network.VagabondClassGUIButtonMessage to MOD
[18Oct2025 22:05:01.049] [modloading-worker-0/DEBUG] [net.minecraftforge.fml.javafmlmod.AutomaticEventSubscriber/LOADING]: Auto-subscribing net.mcreator.dungeonsandcombat.network.TitanClassGUIButtonMessage to MOD
[18Oct2025 22:05:01.051] [modloading-worker-0/DEBUG] [net.minecraftforge.fml.javafmlmod.AutomaticEventSubscriber/LOADING]: Auto-subscribing net.mcreator.dungeonsandcombat.network.RogueClassGUIButtonMessage to MOD
[18Oct2025 22:05:01.052] [modloading-worker-0/DEBUG] [net.minecraftforge.fml.javafmlmod.AutomaticEventSubscriber/LOADING]: Auto-subscribing net.mcreator.dungeonsandcombat.network.OniSlayerClassGUIButtonMessage to MOD
[18Oct2025 22:05:01.055] [modloading-worker-0/DEBUG] [net.minecraftforge.fml.javafmlmod.AutomaticEventSubscriber/LOADING]: Auto-subscribing net.mcreator.dungeonsandcombat.network.ForgottenKnightClassGUIButtonMessage to MOD
[18Oct2025 22:05:01.057] [modloading-worker-0/DEBUG] [net.minecraftforge.fml.javafmlmod.AutomaticEventSubscriber/LOADING]: Auto-subscribing net.mcreator.dungeonsandcombat.network.ExliedClassGUIButtonMessage to MOD
[18Oct2025 22:05:01.060] [modloading-worker-0/DEBUG] [net.minecraftforge.fml.javafmlmod.AutomaticEventSubscriber/LOADING]: Auto-subscribing net.mcreator.dungeonsandcombat.network.BountyHunterClassGUIButtonMessage to MOD
[18Oct2025 22:05:01.061] [modloading-worker-0/DEBUG] [net.minecraftforge.fml.javafmlmod.AutomaticEventSubscriber/LOADING]: Auto-subscribing net.mcreator.dungeonsandcombat.init.ItemAnimationFactory to FORGE
[18Oct2025 22:05:01.064] [modloading-worker-0/DEBUG] [net.minecraftforge.fml.javafmlmod.AutomaticEventSubscriber/LOADING]: Auto-subscribing net.mcreator.dungeonsandcombat.init.EntityAnimationFactory to FORGE
[18Oct2025 22:05:01.065] [modloading-worker-0/DEBUG] [net.minecraftforge.fml.javafmlmod.AutomaticEventSubscriber/LOADING]: Auto-subscribing net.mcreator.dungeonsandcombat.init.DungeonsAndCombatModVillagerProfessions to MOD
[18Oct2025 22:05:01.065] [modloading-worker-0/DEBUG] [net.minecraftforge.fml.javafmlmod.AutomaticEventSubscriber/LOADING]: Auto-subscribing net.mcreator.dungeonsandcombat.init.DungeonsAndCombatModTrades to FORGE
[18Oct2025 22:05:01.068] [modloading-worker-0/DEBUG] [net.minecraftforge.fml.javafmlmod.AutomaticEventSubscriber/LOADING]: Auto-subscribing net.mcreator.dungeonsandcombat.init.DungeonsAndCombatModEntities to MOD
[18Oct2025 22:05:01.069] [modloading-worker-0/DEBUG] [net.minecraftforge.fml.javafmlmod.AutomaticEventSubscriber/LOADING]: Auto-subscribing net.mcreator.dungeonsandcombat.init.DungeonsAndCombatModCustomCuriosSlots to MOD
[18Oct2025 22:05:01.070] [modloading-worker-0/DEBUG] [net.minecraftforge.fml.javafmlmod.AutomaticEventSubscriber/LOADING]: Auto-subscribing net.mcreator.dungeonsandcombat.init.DungeonsAndCombatModCuriosSlots to MOD
[18Oct2025 22:05:01.072] [modloading-worker-0/DEBUG] [net.minecraftforge.fml.javafmlmod.AutomaticEventSubscriber/LOADING]: Auto-subscribing net.mcreator.dungeonsandcombat.init.DungeonsAndCombatModCuriosRenderers to MOD
[18Oct2025 22:05:01.074] [modloading-worker-0/DEBUG] [net.minecraftforge.fml.javafmlmod.AutomaticEventSubscriber/LOADING]: Auto-subscribing net.mcreator.dungeonsandcombat.init.DungeonsAndCombatModAttributes to MOD
[18Oct2025 22:05:01.082] [modloading-worker-0/DEBUG] [net.minecraftforge.fml.javafmlmod.AutomaticEventSubscriber/LOADING]: Attempting to inject @EventBusSubscriber classes into the eventbus for catalogue
[18Oct2025 22:05:01.098] [modloading-worker-0/DEBUG] [Framework/]: Loaded com.mrcrayfish.framework.platform.ForgePlatformHelper@1f463e94 for service interface com.mrcrayfish.framework.platform.services.IPlatformHelper
[18Oct2025 22:05:01.099] [modloading-worker-0/DEBUG] [Framework/]: Loaded com.mrcrayfish.framework.platform.ForgeNetworkHelper@63938968 for service interface com.mrcrayfish.framework.platform.services.INetworkHelper
[18Oct2025 22:05:01.103] [modloading-worker-0/DEBUG] [Framework/]: Loaded com.mrcrayfish.framework.platform.ForgeRegistrationHelper@2e088cc3 for service interface com.mrcrayfish.framework.platform.services.IRegistrationHelper
[18Oct2025 22:05:01.104] [modloading-worker-0/DEBUG] [Framework/]: Loaded com.mrcrayfish.framework.platform.ForgeEntityHelper@74afad08 for service interface com.mrcrayfish.framework.platform.services.IEntityHelper
[18Oct2025 22:05:01.105] [modloading-worker-0/DEBUG] [Framework/]: Loaded com.mrcrayfish.framework.platform.ForgeItemHelper@343e5d88 for service interface com.mrcrayfish.framework.platform.services.IItemHelper
[18Oct2025 22:05:01.108] [modloading-worker-0/DEBUG] [Framework/]: Loaded com.mrcrayfish.framework.platform.ForgeConfigHelper@33d21b25 for service interface com.mrcrayfish.framework.platform.services.IConfigHelper
[18Oct2025 22:05:01.155] [modloading-worker-0/DEBUG] [Backpacked/]: Loaded com.mrcrayfish.backpacked.platform.ForgePlatformHelper@27f0531f for service interface com.mrcrayfish.backpacked.platform.services.IPlatformHelper
[18Oct2025 22:05:01.165] [modloading-worker-0/DEBUG] [Backpacked/]: Loaded com.mrcrayfish.backpacked.platform.ForgeBackpackHelper@76704cde for service interface com.mrcrayfish.backpacked.platform.services.IBackpackHelper
[18Oct2025 22:05:01.171] [modloading-worker-0/DEBUG] [Backpacked/]: Loaded com.mrcrayfish.backpacked.platform.ForgeEntityHelper@4d9fadd4 for service interface com.mrcrayfish.backpacked.platform.services.IEntityHelper
[18Oct2025 22:05:01.181] [modloading-worker-0/DEBUG] [Backpacked/]: Loaded com.mrcrayfish.backpacked.platform.ForgeRegistrationHelper@6ef9f0c0 for service interface com.mrcrayfish.backpacked.platform.services.IRegistrationHelper
[18Oct2025 22:05:01.220] [modloading-worker-0/DEBUG] [net.minecraftforge.fml.javafmlmod.AutomaticEventSubscriber/LOADING]: Attempting to inject @EventBusSubscriber classes into the eventbus for iceandfire
[18Oct2025 22:05:01.221] [modloading-worker-0/DEBUG] [net.minecraftforge.fml.javafmlmod.AutomaticEventSubscriber/LOADING]: Auto-subscribing com.github.alexthe666.iceandfire.recipe.IafRecipeRegistry to MOD
[18Oct2025 22:05:01.221] [modloading-worker-0/DEBUG] [net.minecraftforge.fml.javafmlmod.AutomaticEventSubscriber/LOADING]: Auto-subscribing com.github.alexthe666.iceandfire.misc.IafSoundRegistry to MOD
[18Oct2025 22:05:01.222] [modloading-worker-0/DEBUG] [net.minecraftforge.fml.javafmlmod.AutomaticEventSubscriber/LOADING]: Auto-subscribing com.github.alexthe666.iceandfire.misc.IafDamageRegistry to MOD
[18Oct2025 22:05:01.223] [modloading-worker-0/DEBUG] [net.minecraftforge.fml.javafmlmod.AutomaticEventSubscriber/LOADING]: Auto-subscribing com.github.alexthe666.iceandfire.item.IafItemRegistry to MOD
[18Oct2025 22:05:01.228] [modloading-worker-0/DEBUG] [net.minecraftforge.fml.javafmlmod.AutomaticEventSubscriber/LOADING]: Auto-subscribing com.github.alexthe666.iceandfire.event.ServerEvents to FORGE
[18Oct2025 22:05:01.252] [modloading-worker-0/DEBUG] [net.minecraftforge.fml.javafmlmod.AutomaticEventSubscriber/LOADING]: Auto-subscribing com.github.alexthe666.iceandfire.entity.props.CapabilityHandler to FORGE
[18Oct2025 22:05:01.270] [modloading-worker-0/DEBUG] [net.minecraftforge.fml.javafmlmod.AutomaticEventSubscriber/LOADING]: Auto-subscribing com.github.alexthe666.iceandfire.entity.IafVillagerRegistry to MOD
[18Oct2025 22:05:01.270] [modloading-worker-0/DEBUG] [net.minecraftforge.fml.javafmlmod.AutomaticEventSubscriber/LOADING]: Auto-subscribing com.github.alexthe666.iceandfire.entity.IafEntityRegistry to MOD
[18Oct2025 22:05:01.271] [modloading-worker-0/DEBUG] [net.minecraftforge.fml.javafmlmod.AutomaticEventSubscriber/LOADING]: Auto-subscribing com.github.alexthe666.iceandfire.datagen.DataGenerators to MOD
[18Oct2025 22:05:01.289] [modloading-worker-0/DEBUG] [net.minecraftforge.fml.javafmlmod.AutomaticEventSubscriber/LOADING]: Auto-subscribing com.github.alexthe666.iceandfire.block.IafBlockRegistry to MOD
[18Oct2025 22:05:01.291] [modloading-worker-0/DEBUG] [net.minecraftforge.fml.javafmlmod.AutomaticEventSubscriber/LOADING]: Auto-subscribing com.github.alexthe666.iceandfire.IceAndFire to FORGE
[18Oct2025 22:05:01.291] [modloading-worker-0/DEBUG] [net.minecraftforge.fml.javafmlmod.AutomaticEventSubscriber/LOADING]: Auto-subscribing com.github.alexthe666.iceandfire.CommonProxy to MOD
[18Oct2025 22:05:01.323] [modloading-worker-0/DEBUG] [net.minecraftforge.versions.forge.ForgeVersion/CORE]: Forge Version package package net.minecraftforge.versions.forge, Forge, version 47.3 from cpw.mods.modlauncher.TransformingClassLoader@73c3cd09
[18Oct2025 22:05:01.323] [modloading-worker-0/DEBUG] [net.minecraftforge.versions.forge.ForgeVersion/CORE]: Found Forge version 47.3.7
[18Oct2025 22:05:01.323] [modloading-worker-0/DEBUG] [net.minecraftforge.versions.forge.ForgeVersion/CORE]: Found Forge spec 47.3
[18Oct2025 22:05:01.323] [modloading-worker-0/DEBUG] [net.minecraftforge.versions.forge.ForgeVersion/CORE]: Found Forge group net.minecraftforge
[18Oct2025 22:05:01.324] [modloading-worker-0/DEBUG] [net.minecraftforge.versions.mcp.MCPVersion/CORE]: MCP Version package package net.minecraftforge.versions.mcp, Minecraft, version 1.20.1 from cpw.mods.modlauncher.TransformingClassLoader@73c3cd09
[18Oct2025 22:05:01.324] [modloading-worker-0/DEBUG] [net.minecraftforge.versions.mcp.MCPVersion/CORE]: Found MC version information 1.20.1
[18Oct2025 22:05:01.326] [modloading-worker-0/DEBUG] [net.minecraftforge.versions.mcp.MCPVersion/CORE]: Found MCP version information 20230612.114412
[18Oct2025 22:05:01.326] [modloading-worker-0/INFO] [net.minecraftforge.common.ForgeMod/FORGEMOD]: Forge mod loading, version 47.3.7, for MC 1.20.1 with MCP 20230612.114412
[18Oct2025 22:05:01.326] [modloading-worker-0/INFO] [net.minecraftforge.common.MinecraftForge/FORGE]: MinecraftForge v47.3.7 Initialized
[18Oct2025 22:05:01.348] [modloading-worker-0/DEBUG] [net.minecraftforge.fml.javafmlmod.AutomaticEventSubscriber/LOADING]: Attempting to inject @EventBusSubscriber classes into the eventbus for framework
[18Oct2025 22:05:01.348] [modloading-worker-0/DEBUG] [net.minecraftforge.fml.javafmlmod.AutomaticEventSubscriber/LOADING]: Auto-subscribing com.mrcrayfish.framework.entity.sync.ForgeSyncedEntityDataHandler to FORGE
[18Oct2025 22:05:01.355] [modloading-worker-0/INFO] [xyz.apex.forge.commonality.Mods.CommonalityMod/]: Running Minecraft '1.20.1', & Forge '47.3.7' on Java '17.0.16, Ubuntu'
[18Oct2025 22:05:01.363] [modloading-worker-0/INFO] [TrustedSourceList/]: Loading BlackListed sources from remote... (https://api.stopmodreposts.org/minecraft/sites.txt)
[18Oct2025 22:05:01.400] [modloading-worker-0/DEBUG] [io.netty.util.internal.PlatformDependent0/]: -Dio.netty.noUnsafe: false
[18Oct2025 22:05:01.400] [modloading-worker-0/DEBUG] [io.netty.util.internal.PlatformDependent0/]: Java version: 17
[18Oct2025 22:05:01.401] [modloading-worker-0/DEBUG] [io.netty.util.internal.PlatformDependent0/]: sun.misc.Unsafe.theUnsafe: available
[18Oct2025 22:05:01.403] [modloading-worker-0/DEBUG] [io.netty.util.internal.PlatformDependent0/]: sun.misc.Unsafe.copyMemory: available
[18Oct2025 22:05:01.403] [modloading-worker-0/DEBUG] [io.netty.util.internal.PlatformDependent0/]: sun.misc.Unsafe.storeFence: available
[18Oct2025 22:05:01.404] [modloading-worker-0/DEBUG] [io.netty.util.internal.PlatformDependent0/]: java.nio.Buffer.address: available
[18Oct2025 22:05:01.404] [modloading-worker-0/DEBUG] [io.netty.util.internal.PlatformDependent0/]: direct buffer constructor: unavailable
java.lang.UnsupportedOperationException: Reflective setAccessible(true) disabled
	at io.netty.util.internal.ReflectionUtil.trySetAccessible(ReflectionUtil.java:31) ~[netty-common-4.1.82.Final.jar%2382!/:4.1.82.Final]
	at io.netty.util.internal.PlatformDependent0$5.run(PlatformDependent0.java:288) ~[netty-common-4.1.82.Final.jar%2382!/:4.1.82.Final]
	at java.security.AccessController.doPrivileged(AccessController.java:318) ~[?:?]
	at io.netty.util.internal.PlatformDependent0.<clinit>(PlatformDependent0.java:282) ~[netty-common-4.1.82.Final.jar%2382!/:4.1.82.Final]
	at io.netty.util.internal.PlatformDependent.isAndroid(PlatformDependent.java:333) ~[netty-common-4.1.82.Final.jar%2382!/:4.1.82.Final]
	at io.netty.util.internal.PlatformDependent.<clinit>(PlatformDependent.java:88) ~[netty-common-4.1.82.Final.jar%2382!/:4.1.82.Final]
	at io.netty.util.ConstantPool.<init>(ConstantPool.java:34) ~[netty-common-4.1.82.Final.jar%2382!/:4.1.82.Final]
	at io.netty.util.AttributeKey$1.<init>(AttributeKey.java:27) ~[netty-common-4.1.82.Final.jar%2382!/:4.1.82.Final]
	at io.netty.util.AttributeKey.<clinit>(AttributeKey.java:27) ~[netty-common-4.1.82.Final.jar%2382!/:4.1.82.Final]
	at net.minecraftforge.network.NetworkConstants.<clinit>(NetworkConstants.java:34) ~[forge-1.20.1-47.3.7-universal.jar%23148!/:?]
	at net.minecraftforge.common.ForgeMod.<init>(ForgeMod.java:429) ~[forge-1.20.1-47.3.7-universal.jar%23148!/:?]
	at jdk.internal.reflect.NativeConstructorAccessorImpl.newInstance0(Native Method) ~[?:?]
	at jdk.internal.reflect.NativeConstructorAccessorImpl.newInstance(NativeConstructorAccessorImpl.java:77) ~[?:?]
	at jdk.internal.reflect.DelegatingConstructorAccessorImpl.newInstance(DelegatingConstructorAccessorImpl.java:45) ~[?:?]
	at java.lang.reflect.Constructor.newInstanceWithCaller(Constructor.java:500) ~[?:?]
	at java.lang.reflect.Constructor.newInstance(Constructor.java:481) ~[?:?]
	at net.minecraftforge.fml.javafmlmod.FMLModContainer.constructMod(FMLModContainer.java:70) ~[javafmllanguage-1.20.1-47.3.7.jar%23145!/:?]
	at net.minecraftforge.fml.ModContainer.lambda$buildTransitionHandler$4(ModContainer.java:124) ~[fmlcore-1.20.1-47.3.7.jar%23144!/:?]
	at java.util.concurrent.CompletableFuture$AsyncRun.run(CompletableFuture.java:1804) ~[?:?]
	at java.util.concurrent.CompletableFuture$AsyncRun.exec(CompletableFuture.java:1796) ~[?:?]
	at java.util.concurrent.ForkJoinTask.doExec(ForkJoinTask.java:373) ~[?:?]
	at java.util.concurrent.ForkJoinPool$WorkQueue.topLevelExec(ForkJoinPool.java:1182) ~[?:?]
	at java.util.concurrent.ForkJoinPool.scan(ForkJoinPool.java:1655) ~[?:?]
	at java.util.concurrent.ForkJoinPool.runWorker(ForkJoinPool.java:1622) ~[?:?]
	at java.util.concurrent.ForkJoinWorkerThread.run(ForkJoinWorkerThread.java:165) ~[?:?]
[18Oct2025 22:05:01.407] [modloading-worker-0/DEBUG] [io.netty.util.internal.PlatformDependent0/]: java.nio.Bits.unaligned: available, true
[18Oct2025 22:05:01.408] [modloading-worker-0/DEBUG] [io.netty.util.internal.PlatformDependent0/]: jdk.internal.misc.Unsafe.allocateUninitializedArray(int): unavailable
java.lang.IllegalAccessException: class io.netty.util.internal.PlatformDependent0$7 (in module io.netty.common) cannot access class jdk.internal.misc.Unsafe (in module java.base) because module java.base does not export jdk.internal.misc to module io.netty.common
	at jdk.internal.reflect.Reflection.newIllegalAccessException(Reflection.java:392) ~[?:?]
	at java.lang.reflect.AccessibleObject.checkAccess(AccessibleObject.java:674) ~[?:?]
	at java.lang.reflect.Method.invoke(Method.java:561) ~[?:?]
	at io.netty.util.internal.PlatformDependent0$7.run(PlatformDependent0.java:410) ~[netty-common-4.1.82.Final.jar%2382!/:4.1.82.Final]
	at java.security.AccessController.doPrivileged(AccessController.java:318) ~[?:?]
	at io.netty.util.internal.PlatformDependent0.<clinit>(PlatformDependent0.java:401) ~[netty-common-4.1.82.Final.jar%2382!/:4.1.82.Final]
	at io.netty.util.internal.PlatformDependent.isAndroid(PlatformDependent.java:333) ~[netty-common-4.1.82.Final.jar%2382!/:4.1.82.Final]
	at io.netty.util.internal.PlatformDependent.<clinit>(PlatformDependent.java:88) ~[netty-common-4.1.82.Final.jar%2382!/:4.1.82.Final]
	at io.netty.util.ConstantPool.<init>(ConstantPool.java:34) ~[netty-common-4.1.82.Final.jar%2382!/:4.1.82.Final]
	at io.netty.util.AttributeKey$1.<init>(AttributeKey.java:27) ~[netty-common-4.1.82.Final.jar%2382!/:4.1.82.Final]
	at io.netty.util.AttributeKey.<clinit>(AttributeKey.java:27) ~[netty-common-4.1.82.Final.jar%2382!/:4.1.82.Final]
	at net.minecraftforge.network.NetworkConstants.<clinit>(NetworkConstants.java:34) ~[forge-1.20.1-47.3.7-universal.jar%23148!/:?]
	at net.minecraftforge.common.ForgeMod.<init>(ForgeMod.java:429) ~[forge-1.20.1-47.3.7-universal.jar%23148!/:?]
	at jdk.internal.reflect.NativeConstructorAccessorImpl.newInstance0(Native Method) ~[?:?]
	at jdk.internal.reflect.NativeConstructorAccessorImpl.newInstance(NativeConstructorAccessorImpl.java:77) ~[?:?]
	at jdk.internal.reflect.DelegatingConstructorAccessorImpl.newInstance(DelegatingConstructorAccessorImpl.java:45) ~[?:?]
	at java.lang.reflect.Constructor.newInstanceWithCaller(Constructor.java:500) ~[?:?]
	at java.lang.reflect.Constructor.newInstance(Constructor.java:481) ~[?:?]
	at net.minecraftforge.fml.javafmlmod.FMLModContainer.constructMod(FMLModContainer.java:70) ~[javafmllanguage-1.20.1-47.3.7.jar%23145!/:?]
	at net.minecraftforge.fml.ModContainer.lambda$buildTransitionHandler$4(ModContainer.java:124) ~[fmlcore-1.20.1-47.3.7.jar%23144!/:?]
	at java.util.concurrent.CompletableFuture$AsyncRun.run(CompletableFuture.java:1804) ~[?:?]
	at java.util.concurrent.CompletableFuture$AsyncRun.exec(CompletableFuture.java:1796) ~[?:?]
	at java.util.concurrent.ForkJoinTask.doExec(ForkJoinTask.java:373) ~[?:?]
	at java.util.concurrent.ForkJoinPool$WorkQueue.topLevelExec(ForkJoinPool.java:1182) ~[?:?]
	at java.util.concurrent.ForkJoinPool.scan(ForkJoinPool.java:1655) ~[?:?]
	at java.util.concurrent.ForkJoinPool.runWorker(ForkJoinPool.java:1622) ~[?:?]
	at java.util.concurrent.ForkJoinWorkerThread.run(ForkJoinWorkerThread.java:165) ~[?:?]
[18Oct2025 22:05:01.409] [modloading-worker-0/DEBUG] [io.netty.util.internal.PlatformDependent0/]: java.nio.DirectByteBuffer.<init>(long, int): unavailable
[18Oct2025 22:05:01.410] [modloading-worker-0/DEBUG] [io.netty.util.internal.PlatformDependent/]: sun.misc.Unsafe: available
[18Oct2025 22:05:01.410] [modloading-worker-0/DEBUG] [io.netty.util.internal.PlatformDependent/]: maxDirectMemory: 6442450944 bytes (maybe)
[18Oct2025 22:05:01.411] [modloading-worker-0/DEBUG] [io.netty.util.internal.PlatformDependent/]: -Dio.netty.tmpdir: /tmp (java.io.tmpdir)
[18Oct2025 22:05:01.414] [modloading-worker-0/DEBUG] [io.netty.util.internal.PlatformDependent/]: -Dio.netty.bitMode: 64 (sun.arch.data.model)
[18Oct2025 22:05:01.415] [modloading-worker-0/DEBUG] [io.netty.util.internal.PlatformDependent/]: -Dio.netty.maxDirectMemory: -1 bytes
[18Oct2025 22:05:01.415] [modloading-worker-0/DEBUG] [io.netty.util.internal.PlatformDependent/]: -Dio.netty.uninitializedArrayAllocationThreshold: -1
[18Oct2025 22:05:01.416] [modloading-worker-0/DEBUG] [io.netty.util.internal.CleanerJava9/]: java.nio.ByteBuffer.cleaner(): available
[18Oct2025 22:05:01.416] [modloading-worker-0/DEBUG] [io.netty.util.internal.PlatformDependent/]: -Dio.netty.noPreferDirect: false
[18Oct2025 22:05:01.515] [modloading-worker-0/DEBUG] [net.minecraftforge.common.ForgeMod/FORGEMOD]: Loading Network data for FML net version: FML3
[18Oct2025 22:05:01.569] [modloading-worker-0/DEBUG] [net.minecraftforge.fml.config.ConfigTracker/CONFIG]: Config file forge-client.toml for forge tracking
[18Oct2025 22:05:01.570] [modloading-worker-0/DEBUG] [net.minecraftforge.fml.config.ConfigTracker/CONFIG]: Config file forge-server.toml for forge tracking
[18Oct2025 22:05:01.570] [modloading-worker-0/DEBUG] [net.minecraftforge.fml.ModLoadingContext/]: Attempted to register an empty config for type COMMON on mod forge
[18Oct2025 22:05:01.679] [modloading-worker-0/DEBUG] [net.minecraftforge.fml.javafmlmod.AutomaticEventSubscriber/LOADING]: Attempting to inject @EventBusSubscriber classes into the eventbus for forge
[18Oct2025 22:05:01.680] [modloading-worker-0/DEBUG] [net.minecraftforge.fml.javafmlmod.AutomaticEventSubscriber/LOADING]: Auto-subscribing net.minecraftforge.common.ForgeSpawnEggItem$CommonHandler to MOD
[18Oct2025 22:05:01.702] [modloading-worker-0/INFO] [TrustManager/]: Loading mod 'apexcore' TrustWorthiness...
[18Oct2025 22:05:01.705] [modloading-worker-0/FATAL] [TrustManager/]: Could not determine mod trust worthiness, Assuming Jar was downloaded from trusted source!
[18Oct2025 22:05:01.705] [modloading-worker-0/INFO] [TrustManager/]: Loaded mod 'apexcore' TrustWorthiness: UNKNOWN
[18Oct2025 22:05:01.811] [modloading-worker-0/DEBUG] [com.tterrag.registrate.AbstractRegistrate/REGISTRATE.REGISTER]: Captured registration for entry seat of type minecraft:entity_type
[18Oct2025 22:05:01.813] [modloading-worker-0/DEBUG] [net.minecraftforge.fml.javafmlmod.AutomaticEventSubscriber/LOADING]: Attempting to inject @EventBusSubscriber classes into the eventbus for apexcore
[18Oct2025 22:05:01.814] [modloading-worker-0/INFO] [TrustManager/]: Loading mod 'fantasyfurniture' TrustWorthiness...
[18Oct2025 22:05:01.815] [modloading-worker-0/FATAL] [TrustManager/]: Could not determine mod trust worthiness, Assuming Jar was downloaded from trusted source!
[18Oct2025 22:05:01.817] [modloading-worker-0/INFO] [TrustManager/]: Loaded mod 'fantasyfurniture' TrustWorthiness: UNKNOWN
[18Oct2025 22:05:01.844] [modloading-worker-0/DEBUG] [com.tterrag.registrate.AbstractRegistrate/REGISTRATE.REGISTER]: Captured registration for entry fantasyfurniture of type minecraft:creative_mode_tab
[18Oct2025 22:05:01.917] [modloading-worker-0/DEBUG] [com.tterrag.registrate.AbstractRegistrate/REGISTRATE.REGISTER]: Captured registration for entry decorations/berry_basket_empty of type minecraft:block
[18Oct2025 22:05:01.917] [modloading-worker-0/DEBUG] [com.tterrag.registrate.AbstractRegistrate/REGISTRATE.REGISTER]: Captured registration for entry decorations/berry_basket_sweetberry of type minecraft:block
[18Oct2025 22:05:01.917] [modloading-worker-0/DEBUG] [com.tterrag.registrate.AbstractRegistrate/REGISTRATE.REGISTER]: Captured registration for entry decorations/berry_basket_blueberry of type minecraft:block
[18Oct2025 22:05:01.917] [modloading-worker-0/DEBUG] [com.tterrag.registrate.AbstractRegistrate/REGISTRATE.REGISTER]: Captured registration for entry decorations/berry_basket_strawberry of type minecraft:block
[18Oct2025 22:05:01.922] [modloading-worker-0/DEBUG] [com.tterrag.registrate.AbstractRegistrate/REGISTRATE.REGISTER]: Captured registration for entry decorations/bolts_of_cloth of type minecraft:block
[18Oct2025 22:05:01.929] [modloading-worker-0/DEBUG] [com.tterrag.registrate.AbstractRegistrate/REGISTRATE.REGISTER]: Captured registration for entry decorations/book_stack of type minecraft:block
[18Oct2025 22:05:01.934] [modloading-worker-0/DEBUG] [com.tterrag.registrate.AbstractRegistrate/REGISTRATE.REGISTER]: Captured registration for entry decorations/bowl_empty of type minecraft:block
[18Oct2025 22:05:01.934] [modloading-worker-0/DEBUG] [com.tterrag.registrate.AbstractRegistrate/REGISTRATE.REGISTER]: Captured registration for entry decorations/bowl_beetroot_soup of type minecraft:block
[18Oct2025 22:05:01.935] [modloading-worker-0/DEBUG] [com.tterrag.registrate.AbstractRegistrate/REGISTRATE.REGISTER]: Captured registration for entry decorations/bowl_mushroom_stew of type minecraft:block
[18Oct2025 22:05:01.936] [modloading-worker-0/DEBUG] [com.tterrag.registrate.AbstractRegistrate/REGISTRATE.REGISTER]: Captured registration for entry decorations/tankards_empty of type minecraft:block
[18Oct2025 22:05:01.936] [modloading-worker-0/DEBUG] [com.tterrag.registrate.AbstractRegistrate/REGISTRATE.REGISTER]: Captured registration for entry decorations/tankards_honeymead of type minecraft:block
[18Oct2025 22:05:01.939] [modloading-worker-0/DEBUG] [com.tterrag.registrate.AbstractRegistrate/REGISTRATE.REGISTER]: Captured registration for entry decorations/tankards_milk of type minecraft:block
[18Oct2025 22:05:01.939] [modloading-worker-0/DEBUG] [com.tterrag.registrate.AbstractRegistrate/REGISTRATE.REGISTER]: Captured registration for entry decorations/tankards_sweetberry of type minecraft:block
[18Oct2025 22:05:01.945] [modloading-worker-0/DEBUG] [com.tterrag.registrate.AbstractRegistrate/REGISTRATE.REGISTER]: Captured registration for entry decorations/mushrooms_red of type minecraft:block
[18Oct2025 22:05:01.949] [modloading-worker-0/DEBUG] [com.tterrag.registrate.AbstractRegistrate/REGISTRATE.REGISTER]: Captured registration for entry decorations/coin_stack_gold of type minecraft:block
[18Oct2025 22:05:01.949] [modloading-worker-0/DEBUG] [com.tterrag.registrate.AbstractRegistrate/REGISTRATE.REGISTER]: Captured registration for entry decorations/coin_stack_iron of type minecraft:block
[18Oct2025 22:05:01.952] [modloading-worker-0/DEBUG] [com.tterrag.registrate.AbstractRegistrate/REGISTRATE.REGISTER]: Captured registration for entry decorations/muffins_blueberry of type minecraft:block
[18Oct2025 22:05:01.953] [modloading-worker-0/DEBUG] [com.tterrag.registrate.AbstractRegistrate/REGISTRATE.REGISTER]: Captured registration for entry decorations/muffins_chocolate of type minecraft:block
[18Oct2025 22:05:01.953] [modloading-worker-0/DEBUG] [com.tterrag.registrate.AbstractRegistrate/REGISTRATE.REGISTER]: Captured registration for entry decorations/muffins_sweetberry of type minecraft:block
[18Oct2025 22:05:01.954] [modloading-worker-0/DEBUG] [com.tterrag.registrate.AbstractRegistrate/REGISTRATE.REGISTER]: Captured registration for entry decorations/paper_stack of type minecraft:block
[18Oct2025 22:05:01.963] [modloading-worker-0/DEBUG] [com.tterrag.registrate.AbstractRegistrate/REGISTRATE.REGISTER]: Captured registration for entry decorations/cookie_jar of type minecraft:block
[18Oct2025 22:05:01.974] [modloading-worker-0/DEBUG] [com.tterrag.registrate.AbstractRegistrate/REGISTRATE.REGISTER]: Captured registration for entry decorations/brewing_cauldron of type minecraft:block
[18Oct2025 22:05:01.980] [modloading-worker-0/DEBUG] [com.tterrag.registrate.AbstractRegistrate/REGISTRATE.REGISTER]: Captured registration for entry decorations/floating_tomes of type minecraft:block
[18Oct2025 22:05:01.982] [modloading-worker-0/DEBUG] [com.tterrag.registrate.AbstractRegistrate/REGISTRATE.REGISTER]: Captured registration for entry decorations/gravestone of type minecraft:block
[18Oct2025 22:05:01.983] [modloading-worker-0/DEBUG] [com.tterrag.registrate.AbstractRegistrate/REGISTRATE.REGISTER]: Captured registration for entry decorations/hanging_herbs of type minecraft:block
[18Oct2025 22:05:01.988] [modloading-worker-0/DEBUG] [com.tterrag.registrate.AbstractRegistrate/REGISTRATE.REGISTER]: Captured registration for entry decorations/spider_web_small of type minecraft:block
[18Oct2025 22:05:01.992] [modloading-worker-0/DEBUG] [com.tterrag.registrate.AbstractRegistrate/REGISTRATE.REGISTER]: Captured registration for entry decorations/spider_web_wide of type minecraft:block
[18Oct2025 22:05:01.994] [modloading-worker-0/DEBUG] [com.tterrag.registrate.AbstractRegistrate/REGISTRATE.REGISTER]: Captured registration for entry decorations/stackable_pumpkins of type minecraft:block
[18Oct2025 22:05:01.999] [modloading-worker-0/DEBUG] [com.tterrag.registrate.AbstractRegistrate/REGISTRATE.REGISTER]: Captured registration for entry decorations/bronze_chain of type minecraft:block
[18Oct2025 22:05:02.000] [modloading-worker-0/DEBUG] [com.tterrag.registrate.AbstractRegistrate/REGISTRATE.REGISTER]: Captured registration for entry decorations/mushrooms_brown of type minecraft:block
[18Oct2025 22:05:02.002] [modloading-worker-0/DEBUG] [com.tterrag.registrate.AbstractRegistrate/REGISTRATE.REGISTER]: Captured registration for entry decorations/potion_bottles of type minecraft:block
[18Oct2025 22:05:02.004] [modloading-worker-0/DEBUG] [com.tterrag.registrate.AbstractRegistrate/REGISTRATE.REGISTER]: Captured registration for entry decorations/potion_bottles_dyeable of type minecraft:block
[18Oct2025 22:05:02.009] [modloading-worker-0/DEBUG] [com.tterrag.registrate.AbstractRegistrate/REGISTRATE.REGISTER]: Captured registration for entry decorations/fairy_lights_1 of type minecraft:block
[18Oct2025 22:05:02.011] [modloading-worker-0/DEBUG] [com.tterrag.registrate.AbstractRegistrate/REGISTRATE.REGISTER]: Captured registration for entry decorations/fairy_lights_2 of type minecraft:block
[18Oct2025 22:05:02.013] [modloading-worker-0/DEBUG] [com.tterrag.registrate.AbstractRegistrate/REGISTRATE.REGISTER]: Captured registration for entry decorations/presents_stack_1 of type minecraft:block
[18Oct2025 22:05:02.016] [modloading-worker-0/DEBUG] [com.tterrag.registrate.AbstractRegistrate/REGISTRATE.REGISTER]: Captured registration for entry decorations/presents_stack_2 of type minecraft:block
[18Oct2025 22:05:02.018] [modloading-worker-0/DEBUG] [com.tterrag.registrate.AbstractRegistrate/REGISTRATE.REGISTER]: Captured registration for entry decorations/snowballs of type minecraft:block
[18Oct2025 22:05:02.021] [modloading-worker-0/DEBUG] [com.tterrag.registrate.AbstractRegistrate/REGISTRATE.REGISTER]: Captured registration for entry decorations/stocking of type minecraft:block
[18Oct2025 22:05:02.022] [modloading-worker-0/DEBUG] [com.tterrag.registrate.AbstractRegistrate/REGISTRATE.REGISTER]: Captured registration for entry decorations/nordic_boiled_creme_treats of type minecraft:block
[18Oct2025 22:05:02.026] [modloading-worker-0/DEBUG] [com.tterrag.registrate.AbstractRegistrate/REGISTRATE.REGISTER]: Captured registration for entry decorations/nordic_sweetrolls of type minecraft:block
[18Oct2025 22:05:02.032] [modloading-worker-0/DEBUG] [com.tterrag.registrate.AbstractRegistrate/REGISTRATE.REGISTER]: Captured registration for entry decorations/nordic_mead_bottles of type minecraft:block
[18Oct2025 22:05:02.036] [modloading-worker-0/DEBUG] [com.tterrag.registrate.AbstractRegistrate/REGISTRATE.REGISTER]: Captured registration for entry decorations/nordic_soul_gems_light of type minecraft:block
[18Oct2025 22:05:02.036] [modloading-worker-0/DEBUG] [com.tterrag.registrate.AbstractRegistrate/REGISTRATE.REGISTER]: Captured registration for entry decorations/nordic_soul_gems_dark of type minecraft:block
[18Oct2025 22:05:02.039] [modloading-worker-0/DEBUG] [com.tterrag.registrate.AbstractRegistrate/REGISTRATE.REGISTER]: Captured registration for entry decorations/venthyr_food_0 of type minecraft:block
[18Oct2025 22:05:02.042] [modloading-worker-0/DEBUG] [com.tterrag.registrate.AbstractRegistrate/REGISTRATE.REGISTER]: Captured registration for entry decorations/venthyr_food_1 of type minecraft:block
[18Oct2025 22:05:02.046] [modloading-worker-0/DEBUG] [com.tterrag.registrate.AbstractRegistrate/REGISTRATE.REGISTER]: Captured registration for entry decorations/venthyr_tea_set of type minecraft:block
[18Oct2025 22:05:02.057] [modloading-worker-0/DEBUG] [com.tterrag.registrate.AbstractRegistrate/REGISTRATE.REGISTER]: Captured registration for entry decorations/venthyr_tea_cups of type minecraft:block
[18Oct2025 22:05:02.062] [modloading-worker-0/DEBUG] [com.tterrag.registrate.AbstractRegistrate/REGISTRATE.REGISTER]: Captured registration for entry decorations/venthyr_platter of type minecraft:block
[18Oct2025 22:05:02.063] [modloading-worker-0/DEBUG] [com.tterrag.registrate.AbstractRegistrate/REGISTRATE.REGISTER]: Captured registration for entry decorations/venthyr_widow_bloom of type minecraft:block
[18Oct2025 22:05:02.072] [modloading-worker-0/DEBUG] [com.tterrag.registrate.AbstractRegistrate/REGISTRATE.REGISTER]: Captured registration for entry decorations/venthyr_tomes of type minecraft:block
[18Oct2025 22:05:02.077] [modloading-worker-0/DEBUG] [com.tterrag.registrate.AbstractRegistrate/REGISTRATE.REGISTER]: Captured registration for entry decorations/venthyr_chalices of type minecraft:block
[18Oct2025 22:05:02.084] [modloading-worker-0/DEBUG] [com.tterrag.registrate.AbstractRegistrate/REGISTRATE.REGISTER]: Captured registration for entry decorations/venthyr_candles of type minecraft:block
[18Oct2025 22:05:02.087] [modloading-worker-0/DEBUG] [com.tterrag.registrate.AbstractRegistrate/REGISTRATE.REGISTER]: Captured registration for entry decorations/venthyr_banner of type minecraft:block
[18Oct2025 22:05:02.093] [modloading-worker-0/DEBUG] [com.tterrag.registrate.AbstractRegistrate/REGISTRATE.REGISTER]: Captured registration for entry decorations/dunmer_pottery_0 of type minecraft:block
[18Oct2025 22:05:02.094] [modloading-worker-0/DEBUG] [com.tterrag.registrate.AbstractRegistrate/REGISTRATE.REGISTER]: Captured registration for entry decorations/dunmer_pottery_1 of type minecraft:block
[18Oct2025 22:05:02.096] [modloading-worker-0/DEBUG] [com.tterrag.registrate.AbstractRegistrate/REGISTRATE.REGISTER]: Captured registration for entry decorations/bone_candles of type minecraft:block
[18Oct2025 22:05:02.096] [modloading-worker-0/DEBUG] [com.tterrag.registrate.AbstractRegistrate/REGISTRATE.REGISTER]: Captured registration for entry decorations/bone_skeleton_chalices of type minecraft:block
[18Oct2025 22:05:02.097] [modloading-worker-0/DEBUG] [com.tterrag.registrate.AbstractRegistrate/REGISTRATE.REGISTER]: Captured registration for entry decorations/bone_skeleton_pile of type minecraft:block
[18Oct2025 22:05:02.102] [modloading-worker-0/DEBUG] [com.tterrag.registrate.AbstractRegistrate/REGISTRATE.REGISTER]: Captured registration for entry decorations/bone_skeleton_skull_blossoms of type minecraft:block
[18Oct2025 22:05:02.102] [modloading-worker-0/DEBUG] [com.tterrag.registrate.AbstractRegistrate/REGISTRATE.REGISTER]: Captured registration for entry decorations/bone_wither_chalices of type minecraft:block
[18Oct2025 22:05:02.102] [modloading-worker-0/DEBUG] [com.tterrag.registrate.AbstractRegistrate/REGISTRATE.REGISTER]: Captured registration for entry decorations/bone_wither_pile of type minecraft:block
[18Oct2025 22:05:02.102] [modloading-worker-0/DEBUG] [com.tterrag.registrate.AbstractRegistrate/REGISTRATE.REGISTER]: Captured registration for entry decorations/bone_wither_skull_blossoms of type minecraft:block
[18Oct2025 22:05:02.107] [modloading-worker-0/DEBUG] [com.tterrag.registrate.AbstractRegistrate/REGISTRATE.REGISTER]: Captured registration for entry decorations/royal_crown of type minecraft:block
[18Oct2025 22:05:02.111] [modloading-worker-0/DEBUG] [com.tterrag.registrate.AbstractRegistrate/REGISTRATE.REGISTER]: Captured registration for entry decorations/royal_candelabra of type minecraft:block
[18Oct2025 22:05:02.115] [modloading-worker-0/DEBUG] [com.tterrag.registrate.AbstractRegistrate/REGISTRATE.REGISTER]: Captured registration for entry decorations/royal_chalices of type minecraft:block
[18Oct2025 22:05:02.116] [modloading-worker-0/DEBUG] [com.tterrag.registrate.AbstractRegistrate/REGISTRATE.REGISTER]: Captured registration for entry decorations/royal_cushioned_crown of type minecraft:block
[18Oct2025 22:05:02.118] [modloading-worker-0/DEBUG] [com.tterrag.registrate.AbstractRegistrate/REGISTRATE.REGISTER]: Captured registration for entry decorations/royal_food_0 of type minecraft:block
[18Oct2025 22:05:02.118] [modloading-worker-0/DEBUG] [com.tterrag.registrate.AbstractRegistrate/REGISTRATE.REGISTER]: Captured registration for entry decorations/royal_food_1 of type minecraft:block
[18Oct2025 22:05:02.119] [modloading-worker-0/DEBUG] [com.tterrag.registrate.AbstractRegistrate/REGISTRATE.REGISTER]: Captured registration for entry decorations/royal_platter of type minecraft:block
[18Oct2025 22:05:02.126] [modloading-worker-0/DEBUG] [com.tterrag.registrate.AbstractRegistrate/REGISTRATE.REGISTER]: Captured registration for entry decorations/royal_floor_cushion of type minecraft:block
[18Oct2025 22:05:02.129] [modloading-worker-0/DEBUG] [com.tterrag.registrate.AbstractRegistrate/REGISTRATE.REGISTER]: Captured registration for entry decorations/royal_wall_mirror_small of type minecraft:block
[18Oct2025 22:05:02.134] [modloading-worker-0/DEBUG] [com.tterrag.registrate.AbstractRegistrate/REGISTRATE.REGISTER]: Captured registration for entry decorations/royal_wall_mirror_large of type minecraft:block
[18Oct2025 22:05:02.135] [modloading-worker-0/DEBUG] [com.tterrag.registrate.AbstractRegistrate/REGISTRATE.REGISTER]: Captured registration for entry decorations/necrolord_candelabra of type minecraft:block
[18Oct2025 22:05:02.139] [modloading-worker-0/DEBUG] [com.tterrag.registrate.AbstractRegistrate/REGISTRATE.REGISTER]: Captured registration for entry nordic/wool of type minecraft:block
[18Oct2025 22:05:02.139] [modloading-worker-0/DEBUG] [com.tterrag.registrate.AbstractRegistrate/REGISTRATE.REGISTER]: Captured registration for entry nordic/carpet of type minecraft:block
[18Oct2025 22:05:02.144] [modloading-worker-0/DEBUG] [com.tterrag.registrate.AbstractRegistrate/REGISTRATE.REGISTER]: Captured registration for entry nordic/wall_light of type minecraft:block
[18Oct2025 22:05:02.153] [modloading-worker-0/DEBUG] [com.tterrag.registrate.AbstractRegistrate/REGISTRATE.REGISTER]: Captured registration for entry nordic/floor_light of type minecraft:block
[18Oct2025 22:05:02.154] [modloading-worker-0/DEBUG] [com.tterrag.registrate.AbstractRegistrate/REGISTRATE.REGISTER]: Captured registration for entry nordic/table_small of type minecraft:block
[18Oct2025 22:05:02.160] [modloading-worker-0/DEBUG] [com.tterrag.registrate.AbstractRegistrate/REGISTRATE.REGISTER]: Captured registration for entry nordic/table_wide of type minecraft:block
[18Oct2025 22:05:02.162] [modloading-worker-0/DEBUG] [com.tterrag.registrate.AbstractRegistrate/REGISTRATE.REGISTER]: Captured registration for entry nordic/table_large of type minecraft:block
[18Oct2025 22:05:02.163] [modloading-worker-0/DEBUG] [com.tterrag.registrate.AbstractRegistrate/REGISTRATE.REGISTER]: Captured registration for entry nordic/stool of type minecraft:block
[18Oct2025 22:05:02.164] [modloading-worker-0/DEBUG] [com.tterrag.registrate.AbstractRegistrate/REGISTRATE.REGISTER]: Captured registration for entry nordic/cushion of type minecraft:block
[18Oct2025 22:05:02.167] [modloading-worker-0/DEBUG] [com.tterrag.registrate.AbstractRegistrate/REGISTRATE.REGISTER]: Captured registration for entry nordic/painting_small of type minecraft:block
[18Oct2025 22:05:02.170] [modloading-worker-0/DEBUG] [com.tterrag.registrate.AbstractRegistrate/REGISTRATE.REGISTER]: Captured registration for entry nordic/painting_wide of type minecraft:block
[18Oct2025 22:05:02.171] [modloading-worker-0/DEBUG] [com.tterrag.registrate.AbstractRegistrate/REGISTRATE.REGISTER]: Captured registration for entry nordic/drawer of type minecraft:block
[18Oct2025 22:05:02.175] [modloading-worker-0/DEBUG] [com.tterrag.registrate.AbstractRegistrate/REGISTRATE.REGISTER]: Captured registration for entry nordic/shelf of type minecraft:block
[18Oct2025 22:05:02.178] [modloading-worker-0/DEBUG] [com.tterrag.registrate.AbstractRegistrate/REGISTRATE.REGISTER]: Captured registration for entry nordic/sofa of type minecraft:block
[18Oct2025 22:05:02.181] [modloading-worker-0/DEBUG] [com.tterrag.registrate.AbstractRegistrate/REGISTRATE.REGISTER]: Captured registration for entry nordic/desk_left of type minecraft:block
[18Oct2025 22:05:02.182] [modloading-worker-0/DEBUG] [com.tterrag.registrate.AbstractRegistrate/REGISTRATE.REGISTER]: Captured registration for entry nordic/desk_right of type minecraft:block
[18Oct2025 22:05:02.188] [modloading-worker-0/DEBUG] [com.tterrag.registrate.AbstractRegistrate/REGISTRATE.REGISTER]: Captured registration for entry nordic/chair of type minecraft:block
[18Oct2025 22:05:02.191] [modloading-worker-0/DEBUG] [com.tterrag.registrate.AbstractRegistrate/REGISTRATE.REGISTER]: Captured registration for entry nordic/bench of type minecraft:block
[18Oct2025 22:05:02.193] [modloading-worker-0/DEBUG] [com.tterrag.registrate.AbstractRegistrate/REGISTRATE.REGISTER]: Captured registration for entry nordic/bookshelf of type minecraft:block
[18Oct2025 22:05:02.196] [modloading-worker-0/DEBUG] [com.tterrag.registrate.AbstractRegistrate/REGISTRATE.REGISTER]: Captured registration for entry nordic/chest of type minecraft:block
[18Oct2025 22:05:02.199] [modloading-worker-0/DEBUG] [com.tterrag.registrate.AbstractRegistrate/REGISTRATE.REGISTER]: Captured registration for entry nordic/dresser of type minecraft:block
[18Oct2025 22:05:02.200] [modloading-worker-0/DEBUG] [com.tterrag.registrate.AbstractRegistrate/REGISTRATE.REGISTER]: Captured registration for entry nordic/wardrobe_bottom of type minecraft:block
[18Oct2025 22:05:02.203] [modloading-worker-0/DEBUG] [com.tterrag.registrate.AbstractRegistrate/REGISTRATE.REGISTER]: Captured registration for entry nordic/wardrobe_top of type minecraft:block
[18Oct2025 22:05:02.207] [modloading-worker-0/DEBUG] [com.tterrag.registrate.AbstractRegistrate/REGISTRATE.REGISTER]: Captured registration for entry nordic/bed_single of type minecraft:block
[18Oct2025 22:05:02.209] [modloading-worker-0/DEBUG] [com.tterrag.registrate.AbstractRegistrate/REGISTRATE.REGISTER]: Captured registration for entry nordic/bed_double of type minecraft:block
[18Oct2025 22:05:02.212] [modloading-worker-0/DEBUG] [com.tterrag.registrate.AbstractRegistrate/REGISTRATE.REGISTER]: Captured registration for entry nordic/chandelier of type minecraft:block
[18Oct2025 22:05:02.216] [modloading-worker-0/DEBUG] [com.tterrag.registrate.AbstractRegistrate/REGISTRATE.REGISTER]: Captured registration for entry nordic/door_single of type minecraft:block
[18Oct2025 22:05:02.217] [modloading-worker-0/DEBUG] [com.tterrag.registrate.AbstractRegistrate/REGISTRATE.REGISTER]: Captured registration for entry nordic/door_double of type minecraft:block
[18Oct2025 22:05:02.220] [modloading-worker-0/DEBUG] [com.tterrag.registrate.AbstractRegistrate/REGISTRATE.REGISTER]: Captured registration for entry nordic/lockbox of type minecraft:block
[18Oct2025 22:05:02.223] [modloading-worker-0/DEBUG] [com.tterrag.registrate.AbstractRegistrate/REGISTRATE.REGISTER]: Captured registration for entry nordic/counter of type minecraft:block
[18Oct2025 22:05:02.225] [modloading-worker-0/DEBUG] [com.tterrag.registrate.AbstractRegistrate/REGISTRATE.REGISTER]: Captured registration for entry nordic/oven of type minecraft:block
[18Oct2025 22:05:02.227] [modloading-worker-0/DEBUG] [com.tterrag.registrate.AbstractRegistrate/REGISTRATE.REGISTER]: Captured registration for entry dunmer/wool of type minecraft:block
[18Oct2025 22:05:02.227] [modloading-worker-0/DEBUG] [com.tterrag.registrate.AbstractRegistrate/REGISTRATE.REGISTER]: Captured registration for entry dunmer/carpet of type minecraft:block
[18Oct2025 22:05:02.228] [modloading-worker-0/DEBUG] [com.tterrag.registrate.AbstractRegistrate/REGISTRATE.REGISTER]: Captured registration for entry dunmer/wall_light of type minecraft:block
[18Oct2025 22:05:02.228] [modloading-worker-0/DEBUG] [com.tterrag.registrate.AbstractRegistrate/REGISTRATE.REGISTER]: Captured registration for entry dunmer/floor_light of type minecraft:block
[18Oct2025 22:05:02.228] [modloading-worker-0/DEBUG] [com.tterrag.registrate.AbstractRegistrate/REGISTRATE.REGISTER]: Captured registration for entry dunmer/table_small of type minecraft:block
[18Oct2025 22:05:02.229] [modloading-worker-0/DEBUG] [com.tterrag.registrate.AbstractRegistrate/REGISTRATE.REGISTER]: Captured registration for entry dunmer/table_wide of type minecraft:block
[18Oct2025 22:05:02.229] [modloading-worker-0/DEBUG] [com.tterrag.registrate.AbstractRegistrate/REGISTRATE.REGISTER]: Captured registration for entry dunmer/table_large of type minecraft:block
[18Oct2025 22:05:02.231] [modloading-worker-0/DEBUG] [com.tterrag.registrate.AbstractRegistrate/REGISTRATE.REGISTER]: Captured registration for entry dunmer/stool of type minecraft:block
[18Oct2025 22:05:02.231] [modloading-worker-0/DEBUG] [com.tterrag.registrate.AbstractRegistrate/REGISTRATE.REGISTER]: Captured registration for entry dunmer/cushion of type minecraft:block
[18Oct2025 22:05:02.232] [modloading-worker-0/DEBUG] [com.tterrag.registrate.AbstractRegistrate/REGISTRATE.REGISTER]: Captured registration for entry dunmer/painting_small of type minecraft:block
[18Oct2025 22:05:02.232] [modloading-worker-0/DEBUG] [com.tterrag.registrate.AbstractRegistrate/REGISTRATE.REGISTER]: Captured registration for entry dunmer/painting_wide of type minecraft:block
[18Oct2025 22:05:02.232] [modloading-worker-0/DEBUG] [com.tterrag.registrate.AbstractRegistrate/REGISTRATE.REGISTER]: Captured registration for entry dunmer/drawer of type minecraft:block
[18Oct2025 22:05:02.232] [modloading-worker-0/DEBUG] [com.tterrag.registrate.AbstractRegistrate/REGISTRATE.REGISTER]: Captured registration for entry dunmer/shelf of type minecraft:block
[18Oct2025 22:05:02.233] [modloading-worker-0/DEBUG] [com.tterrag.registrate.AbstractRegistrate/REGISTRATE.REGISTER]: Captured registration for entry dunmer/sofa of type minecraft:block
[18Oct2025 22:05:02.233] [modloading-worker-0/DEBUG] [com.tterrag.registrate.AbstractRegistrate/REGISTRATE.REGISTER]: Captured registration for entry dunmer/desk_left of type minecraft:block
[18Oct2025 22:05:02.235] [modloading-worker-0/DEBUG] [com.tterrag.registrate.AbstractRegistrate/REGISTRATE.REGISTER]: Captured registration for entry dunmer/desk_right of type minecraft:block
[18Oct2025 22:05:02.235] [modloading-worker-0/DEBUG] [com.tterrag.registrate.AbstractRegistrate/REGISTRATE.REGISTER]: Captured registration for entry dunmer/chair of type minecraft:block
[18Oct2025 22:05:02.236] [modloading-worker-0/DEBUG] [com.tterrag.registrate.AbstractRegistrate/REGISTRATE.REGISTER]: Captured registration for entry dunmer/bench of type minecraft:block
[18Oct2025 22:05:02.236] [modloading-worker-0/DEBUG] [com.tterrag.registrate.AbstractRegistrate/REGISTRATE.REGISTER]: Captured registration for entry dunmer/bookshelf of type minecraft:block
[18Oct2025 22:05:02.236] [modloading-worker-0/DEBUG] [com.tterrag.registrate.AbstractRegistrate/REGISTRATE.REGISTER]: Captured registration for entry dunmer/chest of type minecraft:block
[18Oct2025 22:05:02.236] [modloading-worker-0/DEBUG] [com.tterrag.registrate.AbstractRegistrate/REGISTRATE.REGISTER]: Captured registration for entry dunmer/dresser of type minecraft:block
[18Oct2025 22:05:02.239] [modloading-worker-0/DEBUG] [com.tterrag.registrate.AbstractRegistrate/REGISTRATE.REGISTER]: Captured registration for entry dunmer/wardrobe_bottom of type minecraft:block
[18Oct2025 22:05:02.239] [modloading-worker-0/DEBUG] [com.tterrag.registrate.AbstractRegistrate/REGISTRATE.REGISTER]: Captured registration for entry dunmer/wardrobe_top of type minecraft:block
[18Oct2025 22:05:02.239] [modloading-worker-0/DEBUG] [com.tterrag.registrate.AbstractRegistrate/REGISTRATE.REGISTER]: Captured registration for entry dunmer/bed_single of type minecraft:block
[18Oct2025 22:05:02.240] [modloading-worker-0/DEBUG] [com.tterrag.registrate.AbstractRegistrate/REGISTRATE.REGISTER]: Captured registration for entry dunmer/bed_double of type minecraft:block
[18Oct2025 22:05:02.240] [modloading-worker-0/DEBUG] [com.tterrag.registrate.AbstractRegistrate/REGISTRATE.REGISTER]: Captured registration for entry dunmer/chandelier of type minecraft:block
[18Oct2025 22:05:02.240] [modloading-worker-0/DEBUG] [com.tterrag.registrate.AbstractRegistrate/REGISTRATE.REGISTER]: Captured registration for entry dunmer/door_single of type minecraft:block
[18Oct2025 22:05:02.240] [modloading-worker-0/DEBUG] [com.tterrag.registrate.AbstractRegistrate/REGISTRATE.REGISTER]: Captured registration for entry dunmer/door_double of type minecraft:block
[18Oct2025 22:05:02.241] [modloading-worker-0/DEBUG] [com.tterrag.registrate.AbstractRegistrate/REGISTRATE.REGISTER]: Captured registration for entry dunmer/lockbox of type minecraft:block
[18Oct2025 22:05:02.243] [modloading-worker-0/DEBUG] [com.tterrag.registrate.AbstractRegistrate/REGISTRATE.REGISTER]: Captured registration for entry dunmer/counter of type minecraft:block
[18Oct2025 22:05:02.245] [modloading-worker-0/DEBUG] [com.tterrag.registrate.AbstractRegistrate/REGISTRATE.REGISTER]: Captured registration for entry dunmer/oven of type minecraft:block
[18Oct2025 22:05:02.247] [modloading-worker-0/DEBUG] [com.tterrag.registrate.AbstractRegistrate/REGISTRATE.REGISTER]: Captured registration for entry venthyr/wool of type minecraft:block
[18Oct2025 22:05:02.247] [modloading-worker-0/DEBUG] [com.tterrag.registrate.AbstractRegistrate/REGISTRATE.REGISTER]: Captured registration for entry venthyr/carpet of type minecraft:block
[18Oct2025 22:05:02.248] [modloading-worker-0/DEBUG] [com.tterrag.registrate.AbstractRegistrate/REGISTRATE.REGISTER]: Captured registration for entry venthyr/wall_light of type minecraft:block
[18Oct2025 22:05:02.248] [modloading-worker-0/DEBUG] [com.tterrag.registrate.AbstractRegistrate/REGISTRATE.REGISTER]: Captured registration for entry venthyr/floor_light of type minecraft:block
[18Oct2025 22:05:02.248] [modloading-worker-0/DEBUG] [com.tterrag.registrate.AbstractRegistrate/REGISTRATE.REGISTER]: Captured registration for entry venthyr/table_small of type minecraft:block
[18Oct2025 22:05:02.249] [modloading-worker-0/DEBUG] [com.tterrag.registrate.AbstractRegistrate/REGISTRATE.REGISTER]: Captured registration for entry venthyr/table_small_fancy of type minecraft:block
[18Oct2025 22:05:02.249] [modloading-worker-0/DEBUG] [com.tterrag.registrate.AbstractRegistrate/REGISTRATE.REGISTER]: Captured registration for entry venthyr/table_wide of type minecraft:block
[18Oct2025 22:05:02.250] [modloading-worker-0/DEBUG] [com.tterrag.registrate.AbstractRegistrate/REGISTRATE.REGISTER]: Captured registration for entry venthyr/table_wide_fancy of type minecraft:block
[18Oct2025 22:05:02.252] [modloading-worker-0/DEBUG] [com.tterrag.registrate.AbstractRegistrate/REGISTRATE.REGISTER]: Captured registration for entry venthyr/table_large of type minecraft:block
[18Oct2025 22:05:02.254] [modloading-worker-0/DEBUG] [com.tterrag.registrate.AbstractRegistrate/REGISTRATE.REGISTER]: Captured registration for entry venthyr/table_large_fancy of type minecraft:block
[18Oct2025 22:05:02.257] [modloading-worker-0/DEBUG] [com.tterrag.registrate.AbstractRegistrate/REGISTRATE.REGISTER]: Captured registration for entry venthyr/stool of type minecraft:block
[18Oct2025 22:05:02.258] [modloading-worker-0/DEBUG] [com.tterrag.registrate.AbstractRegistrate/REGISTRATE.REGISTER]: Captured registration for entry venthyr/cushion of type minecraft:block
[18Oct2025 22:05:02.259] [modloading-worker-0/DEBUG] [com.tterrag.registrate.AbstractRegistrate/REGISTRATE.REGISTER]: Captured registration for entry venthyr/painting_small of type minecraft:block
[18Oct2025 22:05:02.260] [modloading-worker-0/DEBUG] [com.tterrag.registrate.AbstractRegistrate/REGISTRATE.REGISTER]: Captured registration for entry venthyr/painting_wide of type minecraft:block
[18Oct2025 22:05:02.262] [modloading-worker-0/DEBUG] [com.tterrag.registrate.AbstractRegistrate/REGISTRATE.REGISTER]: Captured registration for entry venthyr/drawer of type minecraft:block
[18Oct2025 22:05:02.263] [modloading-worker-0/DEBUG] [com.tterrag.registrate.AbstractRegistrate/REGISTRATE.REGISTER]: Captured registration for entry venthyr/shelf of type minecraft:block
[18Oct2025 22:05:02.264] [modloading-worker-0/DEBUG] [com.tterrag.registrate.AbstractRegistrate/REGISTRATE.REGISTER]: Captured registration for entry venthyr/sofa of type minecraft:block
[18Oct2025 22:05:02.266] [modloading-worker-0/DEBUG] [com.tterrag.registrate.AbstractRegistrate/REGISTRATE.REGISTER]: Captured registration for entry venthyr/desk_left of type minecraft:block
[18Oct2025 22:05:02.267] [modloading-worker-0/DEBUG] [com.tterrag.registrate.AbstractRegistrate/REGISTRATE.REGISTER]: Captured registration for entry venthyr/desk_right of type minecraft:block
[18Oct2025 22:05:02.268] [modloading-worker-0/DEBUG] [com.tterrag.registrate.AbstractRegistrate/REGISTRATE.REGISTER]: Captured registration for entry venthyr/chair of type minecraft:block
[18Oct2025 22:05:02.269] [modloading-worker-0/DEBUG] [com.tterrag.registrate.AbstractRegistrate/REGISTRATE.REGISTER]: Captured registration for entry venthyr/bench of type minecraft:block
[18Oct2025 22:05:02.269] [modloading-worker-0/DEBUG] [com.tterrag.registrate.AbstractRegistrate/REGISTRATE.REGISTER]: Captured registration for entry venthyr/bookshelf of type minecraft:block
[18Oct2025 22:05:02.270] [modloading-worker-0/DEBUG] [com.tterrag.registrate.AbstractRegistrate/REGISTRATE.REGISTER]: Captured registration for entry venthyr/chest of type minecraft:block
[18Oct2025 22:05:02.270] [modloading-worker-0/DEBUG] [com.tterrag.registrate.AbstractRegistrate/REGISTRATE.REGISTER]: Captured registration for entry venthyr/dresser of type minecraft:block
[18Oct2025 22:05:02.272] [modloading-worker-0/DEBUG] [com.tterrag.registrate.AbstractRegistrate/REGISTRATE.REGISTER]: Captured registration for entry venthyr/wardrobe_bottom of type minecraft:block
[18Oct2025 22:05:02.273] [modloading-worker-0/DEBUG] [com.tterrag.registrate.AbstractRegistrate/REGISTRATE.REGISTER]: Captured registration for entry venthyr/wardrobe_top of type minecraft:block
[18Oct2025 22:05:02.274] [modloading-worker-0/DEBUG] [com.tterrag.registrate.AbstractRegistrate/REGISTRATE.REGISTER]: Captured registration for entry venthyr/bed_single of type minecraft:block
[18Oct2025 22:05:02.275] [modloading-worker-0/DEBUG] [com.tterrag.registrate.AbstractRegistrate/REGISTRATE.REGISTER]: Captured registration for entry venthyr/bed_double of type minecraft:block
[18Oct2025 22:05:02.277] [modloading-worker-0/DEBUG] [com.tterrag.registrate.AbstractRegistrate/REGISTRATE.REGISTER]: Captured registration for entry venthyr/chandelier of type minecraft:block
[18Oct2025 22:05:02.278] [modloading-worker-0/DEBUG] [com.tterrag.registrate.AbstractRegistrate/REGISTRATE.REGISTER]: Captured registration for entry venthyr/door_single of type minecraft:block
[18Oct2025 22:05:02.279] [modloading-worker-0/DEBUG] [com.tterrag.registrate.AbstractRegistrate/REGISTRATE.REGISTER]: Captured registration for entry venthyr/door_double of type minecraft:block
[18Oct2025 22:05:02.281] [modloading-worker-0/DEBUG] [com.tterrag.registrate.AbstractRegistrate/REGISTRATE.REGISTER]: Captured registration for entry venthyr/lockbox of type minecraft:block
[18Oct2025 22:05:02.283] [modloading-worker-0/DEBUG] [com.tterrag.registrate.AbstractRegistrate/REGISTRATE.REGISTER]: Captured registration for entry venthyr/counter of type minecraft:block
[18Oct2025 22:05:02.284] [modloading-worker-0/DEBUG] [com.tterrag.registrate.AbstractRegistrate/REGISTRATE.REGISTER]: Captured registration for entry venthyr/oven of type minecraft:block
[18Oct2025 22:05:02.284] [modloading-worker-0/DEBUG] [com.tterrag.registrate.AbstractRegistrate/REGISTRATE.REGISTER]: Captured registration for entry bone/skeleton/wool of type minecraft:block
[18Oct2025 22:05:02.284] [modloading-worker-0/DEBUG] [com.tterrag.registrate.AbstractRegistrate/REGISTRATE.REGISTER]: Captured registration for entry bone/skeleton/carpet of type minecraft:block
[18Oct2025 22:05:02.285] [modloading-worker-0/DEBUG] [com.tterrag.registrate.AbstractRegistrate/REGISTRATE.REGISTER]: Captured registration for entry bone/skeleton/wall_light of type minecraft:block
[18Oct2025 22:05:02.290] [modloading-worker-0/DEBUG] [com.tterrag.registrate.AbstractRegistrate/REGISTRATE.REGISTER]: Captured registration for entry bone/skeleton/floor_light of type minecraft:block
[18Oct2025 22:05:02.291] [modloading-worker-0/DEBUG] [com.tterrag.registrate.AbstractRegistrate/REGISTRATE.REGISTER]: Captured registration for entry bone/skeleton/table_small of type minecraft:block
[18Oct2025 22:05:02.296] [modloading-worker-0/DEBUG] [com.tterrag.registrate.AbstractRegistrate/REGISTRATE.REGISTER]: Captured registration for entry bone/skeleton/table_wide of type minecraft:block
[18Oct2025 22:05:02.296] [modloading-worker-0/DEBUG] [com.tterrag.registrate.AbstractRegistrate/REGISTRATE.REGISTER]: Captured registration for entry bone/skeleton/table_large of type minecraft:block
[18Oct2025 22:05:02.296] [modloading-worker-0/DEBUG] [com.tterrag.registrate.AbstractRegistrate/REGISTRATE.REGISTER]: Captured registration for entry bone/skeleton/stool of type minecraft:block
[18Oct2025 22:05:02.299] [modloading-worker-0/DEBUG] [com.tterrag.registrate.AbstractRegistrate/REGISTRATE.REGISTER]: Captured registration for entry bone/skeleton/skull of type minecraft:block
[18Oct2025 22:05:02.300] [modloading-worker-0/DEBUG] [com.tterrag.registrate.AbstractRegistrate/REGISTRATE.REGISTER]: Captured registration for entry bone/skeleton/painting_small of type minecraft:block
[18Oct2025 22:05:02.300] [modloading-worker-0/DEBUG] [com.tterrag.registrate.AbstractRegistrate/REGISTRATE.REGISTER]: Captured registration for entry bone/skeleton/painting_wide of type minecraft:block
[18Oct2025 22:05:02.300] [modloading-worker-0/DEBUG] [com.tterrag.registrate.AbstractRegistrate/REGISTRATE.REGISTER]: Captured registration for entry bone/skeleton/drawer of type minecraft:block
[18Oct2025 22:05:02.308] [modloading-worker-0/DEBUG] [com.tterrag.registrate.AbstractRegistrate/REGISTRATE.REGISTER]: Captured registration for entry bone/skeleton/shelf of type minecraft:block
[18Oct2025 22:05:02.308] [modloading-worker-0/DEBUG] [com.tterrag.registrate.AbstractRegistrate/REGISTRATE.REGISTER]: Captured registration for entry bone/skeleton/sofa of type minecraft:block
[18Oct2025 22:05:02.309] [modloading-worker-0/DEBUG] [com.tterrag.registrate.AbstractRegistrate/REGISTRATE.REGISTER]: Captured registration for entry bone/skeleton/desk_left of type minecraft:block
[18Oct2025 22:05:02.309] [modloading-worker-0/DEBUG] [com.tterrag.registrate.AbstractRegistrate/REGISTRATE.REGISTER]: Captured registration for entry bone/skeleton/desk_right of type minecraft:block
[18Oct2025 22:05:02.309] [modloading-worker-0/DEBUG] [com.tterrag.registrate.AbstractRegistrate/REGISTRATE.REGISTER]: Captured registration for entry bone/skeleton/chair of type minecraft:block
[18Oct2025 22:05:02.310] [modloading-worker-0/DEBUG] [com.tterrag.registrate.AbstractRegistrate/REGISTRATE.REGISTER]: Captured registration for entry bone/skeleton/bench of type minecraft:block
[18Oct2025 22:05:02.317] [modloading-worker-0/DEBUG] [com.tterrag.registrate.AbstractRegistrate/REGISTRATE.REGISTER]: Captured registration for entry bone/skeleton/bookshelf of type minecraft:block
[18Oct2025 22:05:02.319] [modloading-worker-0/DEBUG] [com.tterrag.registrate.AbstractRegistrate/REGISTRATE.REGISTER]: Captured registration for entry bone/skeleton/chest of type minecraft:block
[18Oct2025 22:05:02.321] [modloading-worker-0/DEBUG] [com.tterrag.registrate.AbstractRegistrate/REGISTRATE.REGISTER]: Captured registration for entry bone/skeleton/dresser of type minecraft:block
[18Oct2025 22:05:02.325] [modloading-worker-0/DEBUG] [com.tterrag.registrate.AbstractRegistrate/REGISTRATE.REGISTER]: Captured registration for entry bone/skeleton/wardrobe_bottom of type minecraft:block
[18Oct2025 22:05:02.326] [modloading-worker-0/DEBUG] [com.tterrag.registrate.AbstractRegistrate/REGISTRATE.REGISTER]: Captured registration for entry bone/skeleton/wardrobe_top of type minecraft:block
[18Oct2025 22:05:02.327] [modloading-worker-0/DEBUG] [com.tterrag.registrate.AbstractRegistrate/REGISTRATE.REGISTER]: Captured registration for entry bone/skeleton/bed_single of type minecraft:block
[18Oct2025 22:05:02.338] [modloading-worker-0/DEBUG] [com.tterrag.registrate.AbstractRegistrate/REGISTRATE.REGISTER]: Captured registration for entry bone/skeleton/bed_double of type minecraft:block
[18Oct2025 22:05:02.340] [modloading-worker-0/DEBUG] [com.tterrag.registrate.AbstractRegistrate/REGISTRATE.REGISTER]: Captured registration for entry bone/skeleton/chandelier of type minecraft:block
[18Oct2025 22:05:02.340] [modloading-worker-0/DEBUG] [com.tterrag.registrate.AbstractRegistrate/REGISTRATE.REGISTER]: Captured registration for entry bone/skeleton/door_single of type minecraft:block
[18Oct2025 22:05:02.342] [modloading-worker-0/DEBUG] [com.tterrag.registrate.AbstractRegistrate/REGISTRATE.REGISTER]: Captured registration for entry bone/skeleton/door_double of type minecraft:block
[18Oct2025 22:05:02.343] [modloading-worker-0/DEBUG] [com.tterrag.registrate.AbstractRegistrate/REGISTRATE.REGISTER]: Captured registration for entry bone/skeleton/lockbox of type minecraft:block
[18Oct2025 22:05:02.344] [modloading-worker-0/DEBUG] [com.tterrag.registrate.AbstractRegistrate/REGISTRATE.REGISTER]: Captured registration for entry bone/skeleton/counter of type minecraft:block
[18Oct2025 22:05:02.345] [modloading-worker-0/DEBUG] [com.tterrag.registrate.AbstractRegistrate/REGISTRATE.REGISTER]: Captured registration for entry bone/skeleton/oven of type minecraft:block
[18Oct2025 22:05:02.345] [modloading-worker-0/DEBUG] [com.tterrag.registrate.AbstractRegistrate/REGISTRATE.REGISTER]: Captured registration for entry bone/wither/wool of type minecraft:block
[18Oct2025 22:05:02.346] [modloading-worker-0/DEBUG] [com.tterrag.registrate.AbstractRegistrate/REGISTRATE.REGISTER]: Captured registration for entry bone/wither/carpet of type minecraft:block
[18Oct2025 22:05:02.347] [modloading-worker-0/DEBUG] [com.tterrag.registrate.AbstractRegistrate/REGISTRATE.REGISTER]: Captured registration for entry bone/wither/wall_light of type minecraft:block
[18Oct2025 22:05:02.348] [modloading-worker-0/DEBUG] [com.tterrag.registrate.AbstractRegistrate/REGISTRATE.REGISTER]: Captured registration for entry bone/wither/floor_light of type minecraft:block
[18Oct2025 22:05:02.351] [modloading-worker-0/DEBUG] [com.tterrag.registrate.AbstractRegistrate/REGISTRATE.REGISTER]: Captured registration for entry bone/wither/table_small of type minecraft:block
[18Oct2025 22:05:02.352] [modloading-worker-0/DEBUG] [com.tterrag.registrate.AbstractRegistrate/REGISTRATE.REGISTER]: Captured registration for entry bone/wither/table_wide of type minecraft:block
[18Oct2025 22:05:02.354] [modloading-worker-0/DEBUG] [com.tterrag.registrate.AbstractRegistrate/REGISTRATE.REGISTER]: Captured registration for entry bone/wither/table_large of type minecraft:block
[18Oct2025 22:05:02.355] [modloading-worker-0/DEBUG] [com.tterrag.registrate.AbstractRegistrate/REGISTRATE.REGISTER]: Captured registration for entry bone/wither/stool of type minecraft:block
[18Oct2025 22:05:02.356] [modloading-worker-0/DEBUG] [com.tterrag.registrate.AbstractRegistrate/REGISTRATE.REGISTER]: Captured registration for entry bone/wither/skull of type minecraft:block
[18Oct2025 22:05:02.359] [modloading-worker-0/DEBUG] [com.tterrag.registrate.AbstractRegistrate/REGISTRATE.REGISTER]: Captured registration for entry bone/wither/painting_small of type minecraft:block
[18Oct2025 22:05:02.362] [modloading-worker-0/DEBUG] [com.tterrag.registrate.AbstractRegistrate/REGISTRATE.REGISTER]: Captured registration for entry bone/wither/painting_wide of type minecraft:block
[18Oct2025 22:05:02.367] [modloading-worker-0/DEBUG] [com.tterrag.registrate.AbstractRegistrate/REGISTRATE.REGISTER]: Captured registration for entry bone/wither/drawer of type minecraft:block
[18Oct2025 22:05:02.367] [modloading-worker-0/DEBUG] [com.tterrag.registrate.AbstractRegistrate/REGISTRATE.REGISTER]: Captured registration for entry bone/wither/shelf of type minecraft:block
[18Oct2025 22:05:02.370] [modloading-worker-0/DEBUG] [com.tterrag.registrate.AbstractRegistrate/REGISTRATE.REGISTER]: Captured registration for entry bone/wither/sofa of type minecraft:block
[18Oct2025 22:05:02.372] [modloading-worker-0/DEBUG] [com.tterrag.registrate.AbstractRegistrate/REGISTRATE.REGISTER]: Captured registration for entry bone/wither/desk_left of type minecraft:block
[18Oct2025 22:05:02.374] [modloading-worker-0/DEBUG] [com.tterrag.registrate.AbstractRegistrate/REGISTRATE.REGISTER]: Captured registration for entry bone/wither/desk_right of type minecraft:block
[18Oct2025 22:05:02.375] [modloading-worker-0/DEBUG] [com.tterrag.registrate.AbstractRegistrate/REGISTRATE.REGISTER]: Captured registration for entry bone/wither/chair of type minecraft:block
[18Oct2025 22:05:02.375] [modloading-worker-0/DEBUG] [com.tterrag.registrate.AbstractRegistrate/REGISTRATE.REGISTER]: Captured registration for entry bone/wither/bench of type minecraft:block
[18Oct2025 22:05:02.375] [modloading-worker-0/DEBUG] [com.tterrag.registrate.AbstractRegistrate/REGISTRATE.REGISTER]: Captured registration for entry bone/wither/bookshelf of type minecraft:block
[18Oct2025 22:05:02.376] [modloading-worker-0/DEBUG] [com.tterrag.registrate.AbstractRegistrate/REGISTRATE.REGISTER]: Captured registration for entry bone/wither/chest of type minecraft:block
[18Oct2025 22:05:02.379] [modloading-worker-0/DEBUG] [com.tterrag.registrate.AbstractRegistrate/REGISTRATE.REGISTER]: Captured registration for entry bone/wither/dresser of type minecraft:block
[18Oct2025 22:05:02.380] [modloading-worker-0/DEBUG] [com.tterrag.registrate.AbstractRegistrate/REGISTRATE.REGISTER]: Captured registration for entry bone/wither/wardrobe_bottom of type minecraft:block
[18Oct2025 22:05:02.380] [modloading-worker-0/DEBUG] [com.tterrag.registrate.AbstractRegistrate/REGISTRATE.REGISTER]: Captured registration for entry bone/wither/wardrobe_top of type minecraft:block
[18Oct2025 22:05:02.380] [modloading-worker-0/DEBUG] [com.tterrag.registrate.AbstractRegistrate/REGISTRATE.REGISTER]: Captured registration for entry bone/wither/bed_single of type minecraft:block
[18Oct2025 22:05:02.381] [modloading-worker-0/DEBUG] [com.tterrag.registrate.AbstractRegistrate/REGISTRATE.REGISTER]: Captured registration for entry bone/wither/bed_double of type minecraft:block
[18Oct2025 22:05:02.388] [modloading-worker-0/DEBUG] [com.tterrag.registrate.AbstractRegistrate/REGISTRATE.REGISTER]: Captured registration for entry bone/wither/chandelier of type minecraft:block
[18Oct2025 22:05:02.388] [modloading-worker-0/DEBUG] [com.tterrag.registrate.AbstractRegistrate/REGISTRATE.REGISTER]: Captured registration for entry bone/wither/door_single of type minecraft:block
[18Oct2025 22:05:02.388] [modloading-worker-0/DEBUG] [com.tterrag.registrate.AbstractRegistrate/REGISTRATE.REGISTER]: Captured registration for entry bone/wither/door_double of type minecraft:block
[18Oct2025 22:05:02.389] [modloading-worker-0/DEBUG] [com.tterrag.registrate.AbstractRegistrate/REGISTRATE.REGISTER]: Captured registration for entry bone/wither/lockbox of type minecraft:block
[18Oct2025 22:05:02.389] [modloading-worker-0/DEBUG] [com.tterrag.registrate.AbstractRegistrate/REGISTRATE.REGISTER]: Captured registration for entry bone/wither/counter of type minecraft:block
[18Oct2025 22:05:02.389] [modloading-worker-0/DEBUG] [com.tterrag.registrate.AbstractRegistrate/REGISTRATE.REGISTER]: Captured registration for entry bone/wither/oven of type minecraft:block
[18Oct2025 22:05:02.395] [modloading-worker-0/DEBUG] [com.tterrag.registrate.AbstractRegistrate/REGISTRATE.REGISTER]: Captured registration for entry royal/wool of type minecraft:block
[18Oct2025 22:05:02.400] [modloading-worker-0/DEBUG] [com.tterrag.registrate.AbstractRegistrate/REGISTRATE.REGISTER]: Captured registration for entry royal/carpet of type minecraft:block
[18Oct2025 22:05:02.401] [modloading-worker-0/DEBUG] [com.tterrag.registrate.AbstractRegistrate/REGISTRATE.REGISTER]: Captured registration for entry royal/wall_light of type minecraft:block
[18Oct2025 22:05:02.403] [modloading-worker-0/DEBUG] [com.tterrag.registrate.AbstractRegistrate/REGISTRATE.REGISTER]: Captured registration for entry royal/floor_light of type minecraft:block
[18Oct2025 22:05:02.404] [modloading-worker-0/DEBUG] [com.tterrag.registrate.AbstractRegistrate/REGISTRATE.REGISTER]: Captured registration for entry royal/table_small of type minecraft:block
[18Oct2025 22:05:02.409] [modloading-worker-0/DEBUG] [com.tterrag.registrate.AbstractRegistrate/REGISTRATE.REGISTER]: Captured registration for entry royal/table_wide of type minecraft:block
[18Oct2025 22:05:02.413] [modloading-worker-0/DEBUG] [com.tterrag.registrate.AbstractRegistrate/REGISTRATE.REGISTER]: Captured registration for entry royal/table_large of type minecraft:block
[18Oct2025 22:05:02.416] [modloading-worker-0/DEBUG] [com.tterrag.registrate.AbstractRegistrate/REGISTRATE.REGISTER]: Captured registration for entry royal/stool of type minecraft:block
[18Oct2025 22:05:02.419] [modloading-worker-0/DEBUG] [com.tterrag.registrate.AbstractRegistrate/REGISTRATE.REGISTER]: Captured registration for entry royal/cushion of type minecraft:block
[18Oct2025 22:05:02.420] [modloading-worker-0/DEBUG] [com.tterrag.registrate.AbstractRegistrate/REGISTRATE.REGISTER]: Captured registration for entry royal/painting_small of type minecraft:block
[18Oct2025 22:05:02.421] [modloading-worker-0/DEBUG] [com.tterrag.registrate.AbstractRegistrate/REGISTRATE.REGISTER]: Captured registration for entry royal/painting_wide of type minecraft:block
[18Oct2025 22:05:02.428] [modloading-worker-0/DEBUG] [com.tterrag.registrate.AbstractRegistrate/REGISTRATE.REGISTER]: Captured registration for entry royal/drawer of type minecraft:block
[18Oct2025 22:05:02.429] [modloading-worker-0/DEBUG] [com.tterrag.registrate.AbstractRegistrate/REGISTRATE.REGISTER]: Captured registration for entry royal/shelf of type minecraft:block
[18Oct2025 22:05:02.434] [modloading-worker-0/DEBUG] [com.tterrag.registrate.AbstractRegistrate/REGISTRATE.REGISTER]: Captured registration for entry royal/sofa of type minecraft:block
[18Oct2025 22:05:02.435] [modloading-worker-0/DEBUG] [com.tterrag.registrate.AbstractRegistrate/REGISTRATE.REGISTER]: Captured registration for entry royal/desk_left of type minecraft:block
[18Oct2025 22:05:02.441] [modloading-worker-0/DEBUG] [com.tterrag.registrate.AbstractRegistrate/REGISTRATE.REGISTER]: Captured registration for entry royal/desk_right of type minecraft:block
[18Oct2025 22:05:02.443] [modloading-worker-0/DEBUG] [com.tterrag.registrate.AbstractRegistrate/REGISTRATE.REGISTER]: Captured registration for entry royal/chair of type minecraft:block
[18Oct2025 22:05:02.450] [modloading-worker-0/DEBUG] [com.tterrag.registrate.AbstractRegistrate/REGISTRATE.REGISTER]: Captured registration for entry royal/bench of type minecraft:block
[18Oct2025 22:05:02.453] [modloading-worker-0/DEBUG] [com.tterrag.registrate.AbstractRegistrate/REGISTRATE.REGISTER]: Captured registration for entry royal/bookshelf of type minecraft:block
[18Oct2025 22:05:02.462] [modloading-worker-0/DEBUG] [com.tterrag.registrate.AbstractRegistrate/REGISTRATE.REGISTER]: Captured registration for entry royal/chest of type minecraft:block
[18Oct2025 22:05:02.463] [modloading-worker-0/DEBUG] [com.tterrag.registrate.AbstractRegistrate/REGISTRATE.REGISTER]: Captured registration for entry royal/dresser of type minecraft:block
[18Oct2025 22:05:02.474] [modloading-worker-0/DEBUG] [com.tterrag.registrate.AbstractRegistrate/REGISTRATE.REGISTER]: Captured registration for entry royal/wardrobe_bottom of type minecraft:block
[18Oct2025 22:05:02.483] [modloading-worker-0/DEBUG] [com.tterrag.registrate.AbstractRegistrate/REGISTRATE.REGISTER]: Captured registration for entry royal/wardrobe_top of type minecraft:block
[18Oct2025 22:05:02.486] [modloading-worker-0/DEBUG] [com.tterrag.registrate.AbstractRegistrate/REGISTRATE.REGISTER]: Captured registration for entry royal/bed_single of type minecraft:block
[18Oct2025 22:05:02.491] [modloading-worker-0/DEBUG] [com.tterrag.registrate.AbstractRegistrate/REGISTRATE.REGISTER]: Captured registration for entry royal/bed_double of type minecraft:block
[18Oct2025 22:05:02.495] [modloading-worker-0/DEBUG] [com.tterrag.registrate.AbstractRegistrate/REGISTRATE.REGISTER]: Captured registration for entry royal/chandelier of type minecraft:block
[18Oct2025 22:05:02.498] [modloading-worker-0/DEBUG] [com.tterrag.registrate.AbstractRegistrate/REGISTRATE.REGISTER]: Captured registration for entry royal/door_single of type minecraft:block
[18Oct2025 22:05:02.511] [modloading-worker-0/DEBUG] [com.tterrag.registrate.AbstractRegistrate/REGISTRATE.REGISTER]: Captured registration for entry royal/door_double of type minecraft:block
[18Oct2025 22:05:02.512] [modloading-worker-0/DEBUG] [com.tterrag.registrate.AbstractRegistrate/REGISTRATE.REGISTER]: Captured registration for entry royal/lockbox of type minecraft:block
[18Oct2025 22:05:02.518] [modloading-worker-0/DEBUG] [com.tterrag.registrate.AbstractRegistrate/REGISTRATE.REGISTER]: Captured registration for entry royal/counter of type minecraft:block
[18Oct2025 22:05:02.526] [modloading-worker-0/DEBUG] [com.tterrag.registrate.AbstractRegistrate/REGISTRATE.REGISTER]: Captured registration for entry royal/oven of type minecraft:block
[18Oct2025 22:05:02.526] [modloading-worker-0/DEBUG] [com.tterrag.registrate.AbstractRegistrate/REGISTRATE.REGISTER]: Captured registration for entry necrolord/wool of type minecraft:block
[18Oct2025 22:05:02.527] [modloading-worker-0/DEBUG] [com.tterrag.registrate.AbstractRegistrate/REGISTRATE.REGISTER]: Captured registration for entry necrolord/carpet of type minecraft:block
[18Oct2025 22:05:02.527] [modloading-worker-0/DEBUG] [com.tterrag.registrate.AbstractRegistrate/REGISTRATE.REGISTER]: Captured registration for entry necrolord/wall_light of type minecraft:block
[18Oct2025 22:05:02.527] [modloading-worker-0/DEBUG] [com.tterrag.registrate.AbstractRegistrate/REGISTRATE.REGISTER]: Captured registration for entry necrolord/floor_light of type minecraft:block
[18Oct2025 22:05:02.527] [modloading-worker-0/DEBUG] [com.tterrag.registrate.AbstractRegistrate/REGISTRATE.REGISTER]: Captured registration for entry necrolord/table_small of type minecraft:block
[18Oct2025 22:05:02.528] [modloading-worker-0/DEBUG] [com.tterrag.registrate.AbstractRegistrate/REGISTRATE.REGISTER]: Captured registration for entry necrolord/table_wide of type minecraft:block
[18Oct2025 22:05:02.530] [modloading-worker-0/DEBUG] [com.tterrag.registrate.AbstractRegistrate/REGISTRATE.REGISTER]: Captured registration for entry necrolord/table_large of type minecraft:block
[18Oct2025 22:05:02.530] [modloading-worker-0/DEBUG] [com.tterrag.registrate.AbstractRegistrate/REGISTRATE.REGISTER]: Captured registration for entry necrolord/stool of type minecraft:block
[18Oct2025 22:05:02.531] [modloading-worker-0/DEBUG] [com.tterrag.registrate.AbstractRegistrate/REGISTRATE.REGISTER]: Captured registration for entry necrolord/cushion of type minecraft:block
[18Oct2025 22:05:02.533] [modloading-worker-0/DEBUG] [com.tterrag.registrate.AbstractRegistrate/REGISTRATE.REGISTER]: Captured registration for entry necrolord/painting_small of type minecraft:block
[18Oct2025 22:05:02.533] [modloading-worker-0/DEBUG] [com.tterrag.registrate.AbstractRegistrate/REGISTRATE.REGISTER]: Captured registration for entry necrolord/painting_wide of type minecraft:block
[18Oct2025 22:05:02.534] [modloading-worker-0/DEBUG] [com.tterrag.registrate.AbstractRegistrate/REGISTRATE.REGISTER]: Captured registration for entry necrolord/drawer of type minecraft:block
[18Oct2025 22:05:02.536] [modloading-worker-0/DEBUG] [com.tterrag.registrate.AbstractRegistrate/REGISTRATE.REGISTER]: Captured registration for entry necrolord/shelf of type minecraft:block
[18Oct2025 22:05:02.536] [modloading-worker-0/DEBUG] [com.tterrag.registrate.AbstractRegistrate/REGISTRATE.REGISTER]: Captured registration for entry necrolord/sofa of type minecraft:block
[18Oct2025 22:05:02.537] [modloading-worker-0/DEBUG] [com.tterrag.registrate.AbstractRegistrate/REGISTRATE.REGISTER]: Captured registration for entry necrolord/desk_left of type minecraft:block
[18Oct2025 22:05:02.537] [modloading-worker-0/DEBUG] [com.tterrag.registrate.AbstractRegistrate/REGISTRATE.REGISTER]: Captured registration for entry necrolord/desk_right of type minecraft:block
[18Oct2025 22:05:02.540] [modloading-worker-0/DEBUG] [com.tterrag.registrate.AbstractRegistrate/REGISTRATE.REGISTER]: Captured registration for entry necrolord/chair of type minecraft:block
[18Oct2025 22:05:02.540] [modloading-worker-0/DEBUG] [com.tterrag.registrate.AbstractRegistrate/REGISTRATE.REGISTER]: Captured registration for entry necrolord/bench of type minecraft:block
[18Oct2025 22:05:02.546] [modloading-worker-0/DEBUG] [com.tterrag.registrate.AbstractRegistrate/REGISTRATE.REGISTER]: Captured registration for entry necrolord/bookshelf of type minecraft:block
[18Oct2025 22:05:02.547] [modloading-worker-0/DEBUG] [com.tterrag.registrate.AbstractRegistrate/REGISTRATE.REGISTER]: Captured registration for entry necrolord/chest of type minecraft:block
[18Oct2025 22:05:02.547] [modloading-worker-0/DEBUG] [com.tterrag.registrate.AbstractRegistrate/REGISTRATE.REGISTER]: Captured registration for entry necrolord/dresser of type minecraft:block
[18Oct2025 22:05:02.554] [modloading-worker-0/DEBUG] [com.tterrag.registrate.AbstractRegistrate/REGISTRATE.REGISTER]: Captured registration for entry necrolord/wardrobe_bottom of type minecraft:block
[18Oct2025 22:05:02.555] [modloading-worker-0/DEBUG] [com.tterrag.registrate.AbstractRegistrate/REGISTRATE.REGISTER]: Captured registration for entry necrolord/wardrobe_top of type minecraft:block
[18Oct2025 22:05:02.563] [modloading-worker-0/DEBUG] [com.tterrag.registrate.AbstractRegistrate/REGISTRATE.REGISTER]: Captured registration for entry necrolord/bed_single of type minecraft:block
[18Oct2025 22:05:02.563] [modloading-worker-0/DEBUG] [com.tterrag.registrate.AbstractRegistrate/REGISTRATE.REGISTER]: Captured registration for entry necrolord/bed_double of type minecraft:block
[18Oct2025 22:05:02.566] [modloading-worker-0/DEBUG] [com.tterrag.registrate.AbstractRegistrate/REGISTRATE.REGISTER]: Captured registration for entry necrolord/chandelier of type minecraft:block
[18Oct2025 22:05:02.566] [modloading-worker-0/DEBUG] [com.tterrag.registrate.AbstractRegistrate/REGISTRATE.REGISTER]: Captured registration for entry necrolord/door_single of type minecraft:block
[18Oct2025 22:05:02.567] [modloading-worker-0/DEBUG] [com.tterrag.registrate.AbstractRegistrate/REGISTRATE.REGISTER]: Captured registration for entry necrolord/door_double of type minecraft:block
[18Oct2025 22:05:02.567] [modloading-worker-0/DEBUG] [com.tterrag.registrate.AbstractRegistrate/REGISTRATE.REGISTER]: Captured registration for entry necrolord/lockbox of type minecraft:block
[18Oct2025 22:05:02.567] [modloading-worker-0/DEBUG] [com.tterrag.registrate.AbstractRegistrate/REGISTRATE.REGISTER]: Captured registration for entry necrolord/counter of type minecraft:block
[18Oct2025 22:05:02.568] [modloading-worker-0/DEBUG] [com.tterrag.registrate.AbstractRegistrate/REGISTRATE.REGISTER]: Captured registration for entry necrolord/oven of type minecraft:block
[18Oct2025 22:05:02.594] [modloading-worker-0/DEBUG] [com.tterrag.registrate.AbstractRegistrate/REGISTRATE.REGISTER]: Captured registration for entry furniture_station of type minecraft:item
[18Oct2025 22:05:02.625] [modloading-worker-0/DEBUG] [com.tterrag.registrate.AbstractRegistrate/REGISTRATE.REGISTER]: Captured registration for entry furniture_station of type minecraft:block_entity_type
[18Oct2025 22:05:02.626] [modloading-worker-0/DEBUG] [com.tterrag.registrate.AbstractRegistrate/REGISTRATE.REGISTER]: Captured registration for entry furniture_station of type minecraft:block
[18Oct2025 22:05:02.652] [modloading-worker-0/DEBUG] [com.tterrag.registrate.AbstractRegistrate/REGISTRATE.REGISTER]: Captured registration for entry decorations/berry_basket_empty of type minecraft:item
[18Oct2025 22:05:02.653] [modloading-worker-0/DEBUG] [com.tterrag.registrate.AbstractRegistrate/REGISTRATE.REGISTER]: Captured registration for entry decorations/berry_basket_sweetberry of type minecraft:item
[18Oct2025 22:05:02.657] [modloading-worker-0/DEBUG] [com.tterrag.registrate.AbstractRegistrate/REGISTRATE.REGISTER]: Captured registration for entry decorations/berry_basket_blueberry of type minecraft:item
[18Oct2025 22:05:02.657] [modloading-worker-0/DEBUG] [com.tterrag.registrate.AbstractRegistrate/REGISTRATE.REGISTER]: Captured registration for entry decorations/berry_basket_strawberry of type minecraft:item
[18Oct2025 22:05:02.658] [modloading-worker-0/DEBUG] [com.tterrag.registrate.AbstractRegistrate/REGISTRATE.REGISTER]: Captured registration for entry decorations/bolts_of_cloth of type minecraft:item
[18Oct2025 22:05:02.658] [modloading-worker-0/DEBUG] [com.tterrag.registrate.AbstractRegistrate/REGISTRATE.REGISTER]: Captured registration for entry decorations/book_stack of type minecraft:item
[18Oct2025 22:05:02.659] [modloading-worker-0/DEBUG] [com.tterrag.registrate.AbstractRegistrate/REGISTRATE.REGISTER]: Captured registration for entry decorations/bowl_empty of type minecraft:item
[18Oct2025 22:05:02.659] [modloading-worker-0/DEBUG] [com.tterrag.registrate.AbstractRegistrate/REGISTRATE.REGISTER]: Captured registration for entry decorations/bowl_beetroot_soup of type minecraft:item
[18Oct2025 22:05:02.661] [modloading-worker-0/DEBUG] [com.tterrag.registrate.AbstractRegistrate/REGISTRATE.REGISTER]: Captured registration for entry decorations/bowl_mushroom_stew of type minecraft:item
[18Oct2025 22:05:02.662] [modloading-worker-0/DEBUG] [com.tterrag.registrate.AbstractRegistrate/REGISTRATE.REGISTER]: Captured registration for entry decorations/tankards_empty of type minecraft:item
[18Oct2025 22:05:02.662] [modloading-worker-0/DEBUG] [com.tterrag.registrate.AbstractRegistrate/REGISTRATE.REGISTER]: Captured registration for entry decorations/tankards_honeymead of type minecraft:item
[18Oct2025 22:05:02.663] [modloading-worker-0/DEBUG] [com.tterrag.registrate.AbstractRegistrate/REGISTRATE.REGISTER]: Captured registration for entry decorations/tankards_milk of type minecraft:item
[18Oct2025 22:05:02.663] [modloading-worker-0/DEBUG] [com.tterrag.registrate.AbstractRegistrate/REGISTRATE.REGISTER]: Captured registration for entry decorations/tankards_sweetberry of type minecraft:item
[18Oct2025 22:05:02.665] [modloading-worker-0/DEBUG] [com.tterrag.registrate.AbstractRegistrate/REGISTRATE.REGISTER]: Captured registration for entry decorations/mushrooms_red of type minecraft:item
[18Oct2025 22:05:02.666] [modloading-worker-0/DEBUG] [com.tterrag.registrate.AbstractRegistrate/REGISTRATE.REGISTER]: Captured registration for entry decorations/coin_stack_gold of type minecraft:item
[18Oct2025 22:05:02.666] [modloading-worker-0/DEBUG] [com.tterrag.registrate.AbstractRegistrate/REGISTRATE.REGISTER]: Captured registration for entry decorations/coin_stack_iron of type minecraft:item
[18Oct2025 22:05:02.666] [modloading-worker-0/DEBUG] [com.tterrag.registrate.AbstractRegistrate/REGISTRATE.REGISTER]: Captured registration for entry decorations/muffins_blueberry of type minecraft:item
[18Oct2025 22:05:02.669] [modloading-worker-0/DEBUG] [com.tterrag.registrate.AbstractRegistrate/REGISTRATE.REGISTER]: Captured registration for entry decorations/muffins_chocolate of type minecraft:item
[18Oct2025 22:05:02.670] [modloading-worker-0/DEBUG] [com.tterrag.registrate.AbstractRegistrate/REGISTRATE.REGISTER]: Captured registration for entry decorations/muffins_sweetberry of type minecraft:item
[18Oct2025 22:05:02.670] [modloading-worker-0/DEBUG] [com.tterrag.registrate.AbstractRegistrate/REGISTRATE.REGISTER]: Captured registration for entry decorations/paper_stack of type minecraft:item
[18Oct2025 22:05:02.672] [modloading-worker-0/DEBUG] [com.tterrag.registrate.AbstractRegistrate/REGISTRATE.REGISTER]: Captured registration for entry decorations/cookie_jar of type minecraft:item
[18Oct2025 22:05:02.674] [modloading-worker-0/DEBUG] [com.tterrag.registrate.AbstractRegistrate/REGISTRATE.REGISTER]: Captured registration for entry decorations/brewing_cauldron of type minecraft:item
[18Oct2025 22:05:02.675] [modloading-worker-0/DEBUG] [com.tterrag.registrate.AbstractRegistrate/REGISTRATE.REGISTER]: Captured registration for entry decorations/floating_tomes of type minecraft:item
[18Oct2025 22:05:02.675] [modloading-worker-0/DEBUG] [com.tterrag.registrate.AbstractRegistrate/REGISTRATE.REGISTER]: Captured registration for entry decorations/gravestone of type minecraft:item
[18Oct2025 22:05:02.675] [modloading-worker-0/DEBUG] [com.tterrag.registrate.AbstractRegistrate/REGISTRATE.REGISTER]: Captured registration for entry decorations/hanging_herbs of type minecraft:item
[18Oct2025 22:05:02.676] [modloading-worker-0/DEBUG] [com.tterrag.registrate.AbstractRegistrate/REGISTRATE.REGISTER]: Captured registration for entry decorations/spider_web_small of type minecraft:item
[18Oct2025 22:05:02.678] [modloading-worker-0/DEBUG] [com.tterrag.registrate.AbstractRegistrate/REGISTRATE.REGISTER]: Captured registration for entry decorations/spider_web_wide of type minecraft:item
[18Oct2025 22:05:02.678] [modloading-worker-0/DEBUG] [com.tterrag.registrate.AbstractRegistrate/REGISTRATE.REGISTER]: Captured registration for entry decorations/stackable_pumpkins of type minecraft:item
[18Oct2025 22:05:02.679] [modloading-worker-0/DEBUG] [com.tterrag.registrate.AbstractRegistrate/REGISTRATE.REGISTER]: Captured registration for entry decorations/bronze_chain of type minecraft:item
[18Oct2025 22:05:02.679] [modloading-worker-0/DEBUG] [com.tterrag.registrate.AbstractRegistrate/REGISTRATE.REGISTER]: Captured registration for entry decorations/mushrooms_brown of type minecraft:item
[18Oct2025 22:05:02.680] [modloading-worker-0/DEBUG] [com.tterrag.registrate.AbstractRegistrate/REGISTRATE.REGISTER]: Captured registration for entry decorations/potion_bottles of type minecraft:item
[18Oct2025 22:05:02.682] [modloading-worker-0/DEBUG] [com.tterrag.registrate.AbstractRegistrate/REGISTRATE.REGISTER]: Captured registration for entry decorations/potion_bottles_dyeable of type minecraft:item
[18Oct2025 22:05:02.683] [modloading-worker-0/DEBUG] [com.tterrag.registrate.AbstractRegistrate/REGISTRATE.REGISTER]: Captured registration for entry decorations/fairy_lights_1 of type minecraft:item
[18Oct2025 22:05:02.683] [modloading-worker-0/DEBUG] [com.tterrag.registrate.AbstractRegistrate/REGISTRATE.REGISTER]: Captured registration for entry decorations/fairy_lights_2 of type minecraft:item
[18Oct2025 22:05:02.683] [modloading-worker-0/DEBUG] [com.tterrag.registrate.AbstractRegistrate/REGISTRATE.REGISTER]: Captured registration for entry decorations/presents_stack_1 of type minecraft:item
[18Oct2025 22:05:02.686] [modloading-worker-0/DEBUG] [com.tterrag.registrate.AbstractRegistrate/REGISTRATE.REGISTER]: Captured registration for entry decorations/presents_stack_2 of type minecraft:item
[18Oct2025 22:05:02.687] [modloading-worker-0/DEBUG] [com.tterrag.registrate.AbstractRegistrate/REGISTRATE.REGISTER]: Captured registration for entry decorations/snowballs of type minecraft:item
[18Oct2025 22:05:02.687] [modloading-worker-0/DEBUG] [com.tterrag.registrate.AbstractRegistrate/REGISTRATE.REGISTER]: Captured registration for entry decorations/stocking of type minecraft:item
[18Oct2025 22:05:02.688] [modloading-worker-0/DEBUG] [com.tterrag.registrate.AbstractRegistrate/REGISTRATE.REGISTER]: Captured registration for entry decorations/nordic_boiled_creme_treats of type minecraft:item
[18Oct2025 22:05:02.688] [modloading-worker-0/DEBUG] [com.tterrag.registrate.AbstractRegistrate/REGISTRATE.REGISTER]: Captured registration for entry decorations/nordic_sweetrolls of type minecraft:item
[18Oct2025 22:05:02.689] [modloading-worker-0/DEBUG] [com.tterrag.registrate.AbstractRegistrate/REGISTRATE.REGISTER]: Captured registration for entry decorations/nordic_mead_bottles of type minecraft:item
[18Oct2025 22:05:02.691] [modloading-worker-0/DEBUG] [com.tterrag.registrate.AbstractRegistrate/REGISTRATE.REGISTER]: Captured registration for entry decorations/nordic_soul_gems_light of type minecraft:item
[18Oct2025 22:05:02.691] [modloading-worker-0/DEBUG] [com.tterrag.registrate.AbstractRegistrate/REGISTRATE.REGISTER]: Captured registration for entry decorations/nordic_soul_gems_dark of type minecraft:item
[18Oct2025 22:05:02.692] [modloading-worker-0/DEBUG] [com.tterrag.registrate.AbstractRegistrate/REGISTRATE.REGISTER]: Captured registration for entry decorations/venthyr_food_0 of type minecraft:item
[18Oct2025 22:05:02.693] [modloading-worker-0/DEBUG] [com.tterrag.registrate.AbstractRegistrate/REGISTRATE.REGISTER]: Captured registration for entry decorations/venthyr_food_1 of type minecraft:item
[18Oct2025 22:05:02.693] [modloading-worker-0/DEBUG] [com.tterrag.registrate.AbstractRegistrate/REGISTRATE.REGISTER]: Captured registration for entry decorations/venthyr_tea_set of type minecraft:item
[18Oct2025 22:05:02.694] [modloading-worker-0/DEBUG] [com.tterrag.registrate.AbstractRegistrate/REGISTRATE.REGISTER]: Captured registration for entry decorations/venthyr_tea_cups of type minecraft:item
[18Oct2025 22:05:02.697] [modloading-worker-0/DEBUG] [com.tterrag.registrate.AbstractRegistrate/REGISTRATE.REGISTER]: Captured registration for entry decorations/venthyr_platter of type minecraft:item
[18Oct2025 22:05:02.702] [modloading-worker-0/DEBUG] [com.tterrag.registrate.AbstractRegistrate/REGISTRATE.REGISTER]: Captured registration for entry decorations/venthyr_widow_bloom of type minecraft:item
[18Oct2025 22:05:02.703] [modloading-worker-0/DEBUG] [com.tterrag.registrate.AbstractRegistrate/REGISTRATE.REGISTER]: Captured registration for entry decorations/venthyr_tomes of type minecraft:item
[18Oct2025 22:05:02.705] [modloading-worker-0/DEBUG] [com.tterrag.registrate.AbstractRegistrate/REGISTRATE.REGISTER]: Captured registration for entry decorations/venthyr_chalices of type minecraft:item
[18Oct2025 22:05:02.707] [modloading-worker-0/DEBUG] [com.tterrag.registrate.AbstractRegistrate/REGISTRATE.REGISTER]: Captured registration for entry decorations/venthyr_candles of type minecraft:item
[18Oct2025 22:05:02.707] [modloading-worker-0/DEBUG] [com.tterrag.registrate.AbstractRegistrate/REGISTRATE.REGISTER]: Captured registration for entry decorations/venthyr_banner of type minecraft:item
[18Oct2025 22:05:02.709] [modloading-worker-0/DEBUG] [com.tterrag.registrate.AbstractRegistrate/REGISTRATE.REGISTER]: Captured registration for entry decorations/dunmer_pottery_0 of type minecraft:item
[18Oct2025 22:05:02.709] [modloading-worker-0/DEBUG] [com.tterrag.registrate.AbstractRegistrate/REGISTRATE.REGISTER]: Captured registration for entry decorations/dunmer_pottery_1 of type minecraft:item
[18Oct2025 22:05:02.710] [modloading-worker-0/DEBUG] [com.tterrag.registrate.AbstractRegistrate/REGISTRATE.REGISTER]: Captured registration for entry decorations/bone_candles of type minecraft:item
[18Oct2025 22:05:02.710] [modloading-worker-0/DEBUG] [com.tterrag.registrate.AbstractRegistrate/REGISTRATE.REGISTER]: Captured registration for entry decorations/bone_skeleton_chalices of type minecraft:item
[18Oct2025 22:05:02.711] [modloading-worker-0/DEBUG] [com.tterrag.registrate.AbstractRegistrate/REGISTRATE.REGISTER]: Captured registration for entry decorations/bone_skeleton_pile of type minecraft:item
[18Oct2025 22:05:02.714] [modloading-worker-0/DEBUG] [com.tterrag.registrate.AbstractRegistrate/REGISTRATE.REGISTER]: Captured registration for entry decorations/bone_skeleton_skull_blossoms of type minecraft:item
[18Oct2025 22:05:02.716] [modloading-worker-0/DEBUG] [com.tterrag.registrate.AbstractRegistrate/REGISTRATE.REGISTER]: Captured registration for entry decorations/bone_wither_chalices of type minecraft:item
[18Oct2025 22:05:02.718] [modloading-worker-0/DEBUG] [com.tterrag.registrate.AbstractRegistrate/REGISTRATE.REGISTER]: Captured registration for entry decorations/bone_wither_pile of type minecraft:item
[18Oct2025 22:05:02.720] [modloading-worker-0/DEBUG] [com.tterrag.registrate.AbstractRegistrate/REGISTRATE.REGISTER]: Captured registration for entry decorations/bone_wither_skull_blossoms of type minecraft:item
[18Oct2025 22:05:02.720] [modloading-worker-0/DEBUG] [com.tterrag.registrate.AbstractRegistrate/REGISTRATE.REGISTER]: Captured registration for entry decorations/royal_crown of type minecraft:item
[18Oct2025 22:05:02.721] [modloading-worker-0/DEBUG] [com.tterrag.registrate.AbstractRegistrate/REGISTRATE.REGISTER]: Captured registration for entry decorations/royal_candelabra of type minecraft:item
[18Oct2025 22:05:02.721] [modloading-worker-0/DEBUG] [com.tterrag.registrate.AbstractRegistrate/REGISTRATE.REGISTER]: Captured registration for entry decorations/royal_chalices of type minecraft:item
[18Oct2025 22:05:02.723] [modloading-worker-0/DEBUG] [com.tterrag.registrate.AbstractRegistrate/REGISTRATE.REGISTER]: Captured registration for entry decorations/royal_cushioned_crown of type minecraft:item
[18Oct2025 22:05:02.723] [modloading-worker-0/DEBUG] [com.tterrag.registrate.AbstractRegistrate/REGISTRATE.REGISTER]: Captured registration for entry decorations/royal_food_0 of type minecraft:item
[18Oct2025 22:05:02.724] [modloading-worker-0/DEBUG] [com.tterrag.registrate.AbstractRegistrate/REGISTRATE.REGISTER]: Captured registration for entry decorations/royal_food_1 of type minecraft:item
[18Oct2025 22:05:02.724] [modloading-worker-0/DEBUG] [com.tterrag.registrate.AbstractRegistrate/REGISTRATE.REGISTER]: Captured registration for entry decorations/royal_platter of type minecraft:item
[18Oct2025 22:05:02.727] [modloading-worker-0/DEBUG] [com.tterrag.registrate.AbstractRegistrate/REGISTRATE.REGISTER]: Captured registration for entry decorations/royal_floor_cushion of type minecraft:item
[18Oct2025 22:05:02.729] [modloading-worker-0/DEBUG] [com.tterrag.registrate.AbstractRegistrate/REGISTRATE.REGISTER]: Captured registration for entry decorations/royal_wall_mirror_small of type minecraft:item
[18Oct2025 22:05:02.729] [modloading-worker-0/DEBUG] [com.tterrag.registrate.AbstractRegistrate/REGISTRATE.REGISTER]: Captured registration for entry decorations/royal_wall_mirror_large of type minecraft:item
[18Oct2025 22:05:02.730] [modloading-worker-0/DEBUG] [com.tterrag.registrate.AbstractRegistrate/REGISTRATE.REGISTER]: Captured registration for entry decorations/necrolord_candelabra of type minecraft:item
[18Oct2025 22:05:02.730] [modloading-worker-0/DEBUG] [com.tterrag.registrate.AbstractRegistrate/REGISTRATE.REGISTER]: Captured registration for entry nordic/wool of type minecraft:item
[18Oct2025 22:05:02.732] [modloading-worker-0/DEBUG] [com.tterrag.registrate.AbstractRegistrate/REGISTRATE.REGISTER]: Captured registration for entry nordic/carpet of type minecraft:item
[18Oct2025 22:05:02.732] [modloading-worker-0/DEBUG] [com.tterrag.registrate.AbstractRegistrate/REGISTRATE.REGISTER]: Captured registration for entry nordic/wall_light of type minecraft:item
[18Oct2025 22:05:02.733] [modloading-worker-0/DEBUG] [com.tterrag.registrate.AbstractRegistrate/REGISTRATE.REGISTER]: Captured registration for entry nordic/floor_light of type minecraft:item
[18Oct2025 22:05:02.733] [modloading-worker-0/DEBUG] [com.tterrag.registrate.AbstractRegistrate/REGISTRATE.REGISTER]: Captured registration for entry nordic/table_small of type minecraft:item
[18Oct2025 22:05:02.733] [modloading-worker-0/DEBUG] [com.tterrag.registrate.AbstractRegistrate/REGISTRATE.REGISTER]: Captured registration for entry nordic/table_wide of type minecraft:item
[18Oct2025 22:05:02.734] [modloading-worker-0/DEBUG] [com.tterrag.registrate.AbstractRegistrate/REGISTRATE.REGISTER]: Captured registration for entry nordic/table_large of type minecraft:item
[18Oct2025 22:05:02.734] [modloading-worker-0/DEBUG] [com.tterrag.registrate.AbstractRegistrate/REGISTRATE.REGISTER]: Captured registration for entry nordic/stool of type minecraft:item
[18Oct2025 22:05:02.738] [modloading-worker-0/DEBUG] [com.tterrag.registrate.AbstractRegistrate/REGISTRATE.REGISTER]: Captured registration for entry nordic/cushion of type minecraft:item
[18Oct2025 22:05:02.738] [modloading-worker-0/DEBUG] [com.tterrag.registrate.AbstractRegistrate/REGISTRATE.REGISTER]: Captured registration for entry nordic/painting_small of type minecraft:item
[18Oct2025 22:05:02.739] [modloading-worker-0/DEBUG] [com.tterrag.registrate.AbstractRegistrate/REGISTRATE.REGISTER]: Captured registration for entry nordic/painting_wide of type minecraft:item
[18Oct2025 22:05:02.739] [modloading-worker-0/DEBUG] [com.tterrag.registrate.AbstractRegistrate/REGISTRATE.REGISTER]: Captured registration for entry nordic/drawer of type minecraft:item
[18Oct2025 22:05:02.739] [modloading-worker-0/DEBUG] [com.tterrag.registrate.AbstractRegistrate/REGISTRATE.REGISTER]: Captured registration for entry nordic/shelf of type minecraft:item
[18Oct2025 22:05:02.740] [modloading-worker-0/DEBUG] [com.tterrag.registrate.AbstractRegistrate/REGISTRATE.REGISTER]: Captured registration for entry nordic/sofa of type minecraft:item
[18Oct2025 22:05:02.742] [modloading-worker-0/DEBUG] [com.tterrag.registrate.AbstractRegistrate/REGISTRATE.REGISTER]: Captured registration for entry nordic/desk_left of type minecraft:item
[18Oct2025 22:05:02.742] [modloading-worker-0/DEBUG] [com.tterrag.registrate.AbstractRegistrate/REGISTRATE.REGISTER]: Captured registration for entry nordic/desk_right of type minecraft:item
[18Oct2025 22:05:02.743] [modloading-worker-0/DEBUG] [com.tterrag.registrate.AbstractRegistrate/REGISTRATE.REGISTER]: Captured registration for entry nordic/chair of type minecraft:item
[18Oct2025 22:05:02.743] [modloading-worker-0/DEBUG] [com.tterrag.registrate.AbstractRegistrate/REGISTRATE.REGISTER]: Captured registration for entry nordic/bench of type minecraft:item
[18Oct2025 22:05:02.745] [modloading-worker-0/DEBUG] [com.tterrag.registrate.AbstractRegistrate/REGISTRATE.REGISTER]: Captured registration for entry nordic/bookshelf of type minecraft:item
[18Oct2025 22:05:02.745] [modloading-worker-0/DEBUG] [com.tterrag.registrate.AbstractRegistrate/REGISTRATE.REGISTER]: Captured registration for entry nordic/chest of type minecraft:item
[18Oct2025 22:05:02.746] [modloading-worker-0/DEBUG] [com.tterrag.registrate.AbstractRegistrate/REGISTRATE.REGISTER]: Captured registration for entry nordic/dresser of type minecraft:item
[18Oct2025 22:05:02.750] [modloading-worker-0/DEBUG] [com.tterrag.registrate.AbstractRegistrate/REGISTRATE.REGISTER]: Captured registration for entry nordic/wardrobe_bottom of type minecraft:item
[18Oct2025 22:05:02.751] [modloading-worker-0/DEBUG] [com.tterrag.registrate.AbstractRegistrate/REGISTRATE.REGISTER]: Captured registration for entry nordic/wardrobe_top of type minecraft:item
[18Oct2025 22:05:02.751] [modloading-worker-0/DEBUG] [com.tterrag.registrate.AbstractRegistrate/REGISTRATE.REGISTER]: Captured registration for entry nordic/bed_single of type minecraft:item
[18Oct2025 22:05:02.751] [modloading-worker-0/DEBUG] [com.tterrag.registrate.AbstractRegistrate/REGISTRATE.REGISTER]: Captured registration for entry nordic/bed_double of type minecraft:item
[18Oct2025 22:05:02.751] [modloading-worker-0/DEBUG] [com.tterrag.registrate.AbstractRegistrate/REGISTRATE.REGISTER]: Captured registration for entry nordic/chandelier of type minecraft:item
[18Oct2025 22:05:02.752] [modloading-worker-0/DEBUG] [com.tterrag.registrate.AbstractRegistrate/REGISTRATE.REGISTER]: Captured registration for entry nordic/door_single of type minecraft:item
[18Oct2025 22:05:02.752] [modloading-worker-0/DEBUG] [com.tterrag.registrate.AbstractRegistrate/REGISTRATE.REGISTER]: Captured registration for entry nordic/door_double of type minecraft:item
[18Oct2025 22:05:02.753] [modloading-worker-0/DEBUG] [com.tterrag.registrate.AbstractRegistrate/REGISTRATE.REGISTER]: Captured registration for entry nordic/lockbox of type minecraft:item
[18Oct2025 22:05:02.754] [modloading-worker-0/DEBUG] [com.tterrag.registrate.AbstractRegistrate/REGISTRATE.REGISTER]: Captured registration for entry nordic/counter of type minecraft:item
[18Oct2025 22:05:02.756] [modloading-worker-0/DEBUG] [com.tterrag.registrate.AbstractRegistrate/REGISTRATE.REGISTER]: Captured registration for entry nordic/oven of type minecraft:item
[18Oct2025 22:05:02.756] [modloading-worker-0/DEBUG] [com.tterrag.registrate.AbstractRegistrate/REGISTRATE.REGISTER]: Captured registration for entry dunmer/wool of type minecraft:item
[18Oct2025 22:05:02.757] [modloading-worker-0/DEBUG] [com.tterrag.registrate.AbstractRegistrate/REGISTRATE.REGISTER]: Captured registration for entry dunmer/carpet of type minecraft:item
[18Oct2025 22:05:02.758] [modloading-worker-0/DEBUG] [com.tterrag.registrate.AbstractRegistrate/REGISTRATE.REGISTER]: Captured registration for entry dunmer/wall_light of type minecraft:item
[18Oct2025 22:05:02.760] [modloading-worker-0/DEBUG] [com.tterrag.registrate.AbstractRegistrate/REGISTRATE.REGISTER]: Captured registration for entry dunmer/floor_light of type minecraft:item
[18Oct2025 22:05:02.760] [modloading-worker-0/DEBUG] [com.tterrag.registrate.AbstractRegistrate/REGISTRATE.REGISTER]: Captured registration for entry dunmer/table_small of type minecraft:item
[18Oct2025 22:05:02.761] [modloading-worker-0/DEBUG] [com.tterrag.registrate.AbstractRegistrate/REGISTRATE.REGISTER]: Captured registration for entry dunmer/table_wide of type minecraft:item
[18Oct2025 22:05:02.763] [modloading-worker-0/DEBUG] [com.tterrag.registrate.AbstractRegistrate/REGISTRATE.REGISTER]: Captured registration for entry dunmer/table_large of type minecraft:item
[18Oct2025 22:05:02.763] [modloading-worker-0/DEBUG] [com.tterrag.registrate.AbstractRegistrate/REGISTRATE.REGISTER]: Captured registration for entry dunmer/stool of type minecraft:item
[18Oct2025 22:05:02.764] [modloading-worker-0/DEBUG] [com.tterrag.registrate.AbstractRegistrate/REGISTRATE.REGISTER]: Captured registration for entry dunmer/cushion of type minecraft:item
[18Oct2025 22:05:02.766] [modloading-worker-0/DEBUG] [com.tterrag.registrate.AbstractRegistrate/REGISTRATE.REGISTER]: Captured registration for entry dunmer/painting_small of type minecraft:item
[18Oct2025 22:05:02.766] [modloading-worker-0/DEBUG] [com.tterrag.registrate.AbstractRegistrate/REGISTRATE.REGISTER]: Captured registration for entry dunmer/painting_wide of type minecraft:item
[18Oct2025 22:05:02.766] [modloading-worker-0/DEBUG] [com.tterrag.registrate.AbstractRegistrate/REGISTRATE.REGISTER]: Captured registration for entry dunmer/drawer of type minecraft:item
[18Oct2025 22:05:02.767] [modloading-worker-0/DEBUG] [com.tterrag.registrate.AbstractRegistrate/REGISTRATE.REGISTER]: Captured registration for entry dunmer/shelf of type minecraft:item
[18Oct2025 22:05:02.767] [modloading-worker-0/DEBUG] [com.tterrag.registrate.AbstractRegistrate/REGISTRATE.REGISTER]: Captured registration for entry dunmer/sofa of type minecraft:item
[18Oct2025 22:05:02.767] [modloading-worker-0/DEBUG] [com.tterrag.registrate.AbstractRegistrate/REGISTRATE.REGISTER]: Captured registration for entry dunmer/desk_left of type minecraft:item
[18Oct2025 22:05:02.767] [modloading-worker-0/DEBUG] [com.tterrag.registrate.AbstractRegistrate/REGISTRATE.REGISTER]: Captured registration for entry dunmer/desk_right of type minecraft:item
[18Oct2025 22:05:02.768] [modloading-worker-0/DEBUG] [com.tterrag.registrate.AbstractRegistrate/REGISTRATE.REGISTER]: Captured registration for entry dunmer/chair of type minecraft:item
[18Oct2025 22:05:02.771] [modloading-worker-0/DEBUG] [com.tterrag.registrate.AbstractRegistrate/REGISTRATE.REGISTER]: Captured registration for entry dunmer/bench of type minecraft:item
[18Oct2025 22:05:02.772] [modloading-worker-0/DEBUG] [com.tterrag.registrate.AbstractRegistrate/REGISTRATE.REGISTER]: Captured registration for entry dunmer/bookshelf of type minecraft:item
[18Oct2025 22:05:02.773] [modloading-worker-0/DEBUG] [com.tterrag.registrate.AbstractRegistrate/REGISTRATE.REGISTER]: Captured registration for entry dunmer/chest of type minecraft:item
[18Oct2025 22:05:02.773] [modloading-worker-0/DEBUG] [com.tterrag.registrate.AbstractRegistrate/REGISTRATE.REGISTER]: Captured registration for entry dunmer/dresser of type minecraft:item
[18Oct2025 22:05:02.774] [modloading-worker-0/DEBUG] [com.tterrag.registrate.AbstractRegistrate/REGISTRATE.REGISTER]: Captured registration for entry dunmer/wardrobe_bottom of type minecraft:item
[18Oct2025 22:05:02.775] [modloading-worker-0/DEBUG] [com.tterrag.registrate.AbstractRegistrate/REGISTRATE.REGISTER]: Captured registration for entry dunmer/wardrobe_top of type minecraft:item
[18Oct2025 22:05:02.780] [modloading-worker-0/DEBUG] [com.tterrag.registrate.AbstractRegistrate/REGISTRATE.REGISTER]: Captured registration for entry dunmer/bed_single of type minecraft:item
[18Oct2025 22:05:02.781] [modloading-worker-0/DEBUG] [com.tterrag.registrate.AbstractRegistrate/REGISTRATE.REGISTER]: Captured registration for entry dunmer/bed_double of type minecraft:item
[18Oct2025 22:05:02.781] [modloading-worker-0/DEBUG] [com.tterrag.registrate.AbstractRegistrate/REGISTRATE.REGISTER]: Captured registration for entry dunmer/chandelier of type minecraft:item
[18Oct2025 22:05:02.781] [modloading-worker-0/DEBUG] [com.tterrag.registrate.AbstractRegistrate/REGISTRATE.REGISTER]: Captured registration for entry dunmer/door_single of type minecraft:item
[18Oct2025 22:05:02.781] [modloading-worker-0/DEBUG] [com.tterrag.registrate.AbstractRegistrate/REGISTRATE.REGISTER]: Captured registration for entry dunmer/door_double of type minecraft:item
[18Oct2025 22:05:02.782] [modloading-worker-0/DEBUG] [com.tterrag.registrate.AbstractRegistrate/REGISTRATE.REGISTER]: Captured registration for entry dunmer/lockbox of type minecraft:item
[18Oct2025 22:05:02.785] [modloading-worker-0/DEBUG] [com.tterrag.registrate.AbstractRegistrate/REGISTRATE.REGISTER]: Captured registration for entry dunmer/counter of type minecraft:item
[18Oct2025 22:05:02.785] [modloading-worker-0/DEBUG] [com.tterrag.registrate.AbstractRegistrate/REGISTRATE.REGISTER]: Captured registration for entry dunmer/oven of type minecraft:item
[18Oct2025 22:05:02.786] [modloading-worker-0/DEBUG] [com.tterrag.registrate.AbstractRegistrate/REGISTRATE.REGISTER]: Captured registration for entry venthyr/wool of type minecraft:item
[18Oct2025 22:05:02.788] [modloading-worker-0/DEBUG] [com.tterrag.registrate.AbstractRegistrate/REGISTRATE.REGISTER]: Captured registration for entry venthyr/carpet of type minecraft:item
[18Oct2025 22:05:02.789] [modloading-worker-0/DEBUG] [com.tterrag.registrate.AbstractRegistrate/REGISTRATE.REGISTER]: Captured registration for entry venthyr/wall_light of type minecraft:item
[18Oct2025 22:05:02.789] [modloading-worker-0/DEBUG] [com.tterrag.registrate.AbstractRegistrate/REGISTRATE.REGISTER]: Captured registration for entry venthyr/floor_light of type minecraft:item
[18Oct2025 22:05:02.789] [modloading-worker-0/DEBUG] [com.tterrag.registrate.AbstractRegistrate/REGISTRATE.REGISTER]: Captured registration for entry venthyr/table_small of type minecraft:item
[18Oct2025 22:05:02.790] [modloading-worker-0/DEBUG] [com.tterrag.registrate.AbstractRegistrate/REGISTRATE.REGISTER]: Captured registration for entry venthyr/table_small_fancy of type minecraft:item
[18Oct2025 22:05:02.790] [modloading-worker-0/DEBUG] [com.tterrag.registrate.AbstractRegistrate/REGISTRATE.REGISTER]: Captured registration for entry venthyr/table_wide of type minecraft:item
[18Oct2025 22:05:02.792] [modloading-worker-0/DEBUG] [com.tterrag.registrate.AbstractRegistrate/REGISTRATE.REGISTER]: Captured registration for entry venthyr/table_wide_fancy of type minecraft:item
[18Oct2025 22:05:02.792] [modloading-worker-0/DEBUG] [com.tterrag.registrate.AbstractRegistrate/REGISTRATE.REGISTER]: Captured registration for entry venthyr/table_large of type minecraft:item
[18Oct2025 22:05:02.793] [modloading-worker-0/DEBUG] [com.tterrag.registrate.AbstractRegistrate/REGISTRATE.REGISTER]: Captured registration for entry venthyr/table_large_fancy of type minecraft:item
[18Oct2025 22:05:02.793] [modloading-worker-0/DEBUG] [com.tterrag.registrate.AbstractRegistrate/REGISTRATE.REGISTER]: Captured registration for entry venthyr/stool of type minecraft:item
[18Oct2025 22:05:02.793] [modloading-worker-0/DEBUG] [com.tterrag.registrate.AbstractRegistrate/REGISTRATE.REGISTER]: Captured registration for entry venthyr/cushion of type minecraft:item
[18Oct2025 22:05:02.794] [modloading-worker-0/DEBUG] [com.tterrag.registrate.AbstractRegistrate/REGISTRATE.REGISTER]: Captured registration for entry venthyr/painting_small of type minecraft:item
[18Oct2025 22:05:02.795] [modloading-worker-0/DEBUG] [com.tterrag.registrate.AbstractRegistrate/REGISTRATE.REGISTER]: Captured registration for entry venthyr/painting_wide of type minecraft:item
[18Oct2025 22:05:02.797] [modloading-worker-0/DEBUG] [com.tterrag.registrate.AbstractRegistrate/REGISTRATE.REGISTER]: Captured registration for entry venthyr/drawer of type minecraft:item
[18Oct2025 22:05:02.797] [modloading-worker-0/DEBUG] [com.tterrag.registrate.AbstractRegistrate/REGISTRATE.REGISTER]: Captured registration for entry venthyr/shelf of type minecraft:item
[18Oct2025 22:05:02.799] [modloading-worker-0/DEBUG] [com.tterrag.registrate.AbstractRegistrate/REGISTRATE.REGISTER]: Captured registration for entry venthyr/sofa of type minecraft:item
[18Oct2025 22:05:02.799] [modloading-worker-0/DEBUG] [com.tterrag.registrate.AbstractRegistrate/REGISTRATE.REGISTER]: Captured registration for entry venthyr/desk_left of type minecraft:item
[18Oct2025 22:05:02.800] [modloading-worker-0/DEBUG] [com.tterrag.registrate.AbstractRegistrate/REGISTRATE.REGISTER]: Captured registration for entry venthyr/desk_right of type minecraft:item
[18Oct2025 22:05:02.800] [modloading-worker-0/DEBUG] [com.tterrag.registrate.AbstractRegistrate/REGISTRATE.REGISTER]: Captured registration for entry venthyr/chair of type minecraft:item
[18Oct2025 22:05:02.800] [modloading-worker-0/DEBUG] [com.tterrag.registrate.AbstractRegistrate/REGISTRATE.REGISTER]: Captured registration for entry venthyr/bench of type minecraft:item
[18Oct2025 22:05:02.801] [modloading-worker-0/DEBUG] [com.tterrag.registrate.AbstractRegistrate/REGISTRATE.REGISTER]: Captured registration for entry venthyr/bookshelf of type minecraft:item
[18Oct2025 22:05:02.801] [modloading-worker-0/DEBUG] [com.tterrag.registrate.AbstractRegistrate/REGISTRATE.REGISTER]: Captured registration for entry venthyr/chest of type minecraft:item
[18Oct2025 22:05:02.803] [modloading-worker-0/DEBUG] [com.tterrag.registrate.AbstractRegistrate/REGISTRATE.REGISTER]: Captured registration for entry venthyr/dresser of type minecraft:item
[18Oct2025 22:05:02.803] [modloading-worker-0/DEBUG] [com.tterrag.registrate.AbstractRegistrate/REGISTRATE.REGISTER]: Captured registration for entry venthyr/wardrobe_bottom of type minecraft:item
[18Oct2025 22:05:02.804] [modloading-worker-0/DEBUG] [com.tterrag.registrate.AbstractRegistrate/REGISTRATE.REGISTER]: Captured registration for entry venthyr/wardrobe_top of type minecraft:item
[18Oct2025 22:05:02.804] [modloading-worker-0/DEBUG] [com.tterrag.registrate.AbstractRegistrate/REGISTRATE.REGISTER]: Captured registration for entry venthyr/bed_single of type minecraft:item
[18Oct2025 22:05:02.804] [modloading-worker-0/DEBUG] [com.tterrag.registrate.AbstractRegistrate/REGISTRATE.REGISTER]: Captured registration for entry venthyr/bed_double of type minecraft:item
[18Oct2025 22:05:02.804] [modloading-worker-0/DEBUG] [com.tterrag.registrate.AbstractRegistrate/REGISTRATE.REGISTER]: Captured registration for entry venthyr/chandelier of type minecraft:item
[18Oct2025 22:05:02.805] [modloading-worker-0/DEBUG] [com.tterrag.registrate.AbstractRegistrate/REGISTRATE.REGISTER]: Captured registration for entry venthyr/door_single of type minecraft:item
[18Oct2025 22:05:02.805] [modloading-worker-0/DEBUG] [com.tterrag.registrate.AbstractRegistrate/REGISTRATE.REGISTER]: Captured registration for entry venthyr/door_double of type minecraft:item
[18Oct2025 22:05:02.807] [modloading-worker-0/DEBUG] [com.tterrag.registrate.AbstractRegistrate/REGISTRATE.REGISTER]: Captured registration for entry venthyr/lockbox of type minecraft:item
[18Oct2025 22:05:02.808] [modloading-worker-0/DEBUG] [com.tterrag.registrate.AbstractRegistrate/REGISTRATE.REGISTER]: Captured registration for entry venthyr/counter of type minecraft:item
[18Oct2025 22:05:02.808] [modloading-worker-0/DEBUG] [com.tterrag.registrate.AbstractRegistrate/REGISTRATE.REGISTER]: Captured registration for entry venthyr/oven of type minecraft:item
[18Oct2025 22:05:02.808] [modloading-worker-0/DEBUG] [com.tterrag.registrate.AbstractRegistrate/REGISTRATE.REGISTER]: Captured registration for entry bone/skeleton/wool of type minecraft:item
[18Oct2025 22:05:02.808] [modloading-worker-0/DEBUG] [com.tterrag.registrate.AbstractRegistrate/REGISTRATE.REGISTER]: Captured registration for entry bone/skeleton/carpet of type minecraft:item
[18Oct2025 22:05:02.809] [modloading-worker-0/DEBUG] [com.tterrag.registrate.AbstractRegistrate/REGISTRATE.REGISTER]: Captured registration for entry bone/skeleton/wall_light of type minecraft:item
[18Oct2025 22:05:02.811] [modloading-worker-0/DEBUG] [com.tterrag.registrate.AbstractRegistrate/REGISTRATE.REGISTER]: Captured registration for entry bone/skeleton/floor_light of type minecraft:item
[18Oct2025 22:05:02.811] [modloading-worker-0/DEBUG] [com.tterrag.registrate.AbstractRegistrate/REGISTRATE.REGISTER]: Captured registration for entry bone/skeleton/table_small of type minecraft:item
[18Oct2025 22:05:02.812] [modloading-worker-0/DEBUG] [com.tterrag.registrate.AbstractRegistrate/REGISTRATE.REGISTER]: Captured registration for entry bone/skeleton/table_wide of type minecraft:item
[18Oct2025 22:05:02.812] [modloading-worker-0/DEBUG] [com.tterrag.registrate.AbstractRegistrate/REGISTRATE.REGISTER]: Captured registration for entry bone/skeleton/table_large of type minecraft:item
[18Oct2025 22:05:02.813] [modloading-worker-0/DEBUG] [com.tterrag.registrate.AbstractRegistrate/REGISTRATE.REGISTER]: Captured registration for entry bone/skeleton/stool of type minecraft:item
[18Oct2025 22:05:02.813] [modloading-worker-0/DEBUG] [com.tterrag.registrate.AbstractRegistrate/REGISTRATE.REGISTER]: Captured registration for entry bone/skeleton/skull of type minecraft:item
[18Oct2025 22:05:02.813] [modloading-worker-0/DEBUG] [com.tterrag.registrate.AbstractRegistrate/REGISTRATE.REGISTER]: Captured registration for entry bone/skeleton/painting_small of type minecraft:item
[18Oct2025 22:05:02.816] [modloading-worker-0/DEBUG] [com.tterrag.registrate.AbstractRegistrate/REGISTRATE.REGISTER]: Captured registration for entry bone/skeleton/painting_wide of type minecraft:item
[18Oct2025 22:05:02.816] [modloading-worker-0/DEBUG] [com.tterrag.registrate.AbstractRegistrate/REGISTRATE.REGISTER]: Captured registration for entry bone/skeleton/drawer of type minecraft:item
[18Oct2025 22:05:02.817] [modloading-worker-0/DEBUG] [com.tterrag.registrate.AbstractRegistrate/REGISTRATE.REGISTER]: Captured registration for entry bone/skeleton/shelf of type minecraft:item
[18Oct2025 22:05:02.817] [modloading-worker-0/DEBUG] [com.tterrag.registrate.AbstractRegistrate/REGISTRATE.REGISTER]: Captured registration for entry bone/skeleton/sofa of type minecraft:item
[18Oct2025 22:05:02.817] [modloading-worker-0/DEBUG] [com.tterrag.registrate.AbstractRegistrate/REGISTRATE.REGISTER]: Captured registration for entry bone/skeleton/desk_left of type minecraft:item
[18Oct2025 22:05:02.817] [modloading-worker-0/DEBUG] [com.tterrag.registrate.AbstractRegistrate/REGISTRATE.REGISTER]: Captured registration for entry bone/skeleton/desk_right of type minecraft:item
[18Oct2025 22:05:02.818] [modloading-worker-0/DEBUG] [com.tterrag.registrate.AbstractRegistrate/REGISTRATE.REGISTER]: Captured registration for entry bone/skeleton/chair of type minecraft:item
[18Oct2025 22:05:02.818] [modloading-worker-0/DEBUG] [com.tterrag.registrate.AbstractRegistrate/REGISTRATE.REGISTER]: Captured registration for entry bone/skeleton/bench of type minecraft:item
[18Oct2025 22:05:02.818] [modloading-worker-0/DEBUG] [com.tterrag.registrate.AbstractRegistrate/REGISTRATE.REGISTER]: Captured registration for entry bone/skeleton/bookshelf of type minecraft:item
[18Oct2025 22:05:02.819] [modloading-worker-0/DEBUG] [com.tterrag.registrate.AbstractRegistrate/REGISTRATE.REGISTER]: Captured registration for entry bone/skeleton/chest of type minecraft:item
[18Oct2025 22:05:02.821] [modloading-worker-0/DEBUG] [com.tterrag.registrate.AbstractRegistrate/REGISTRATE.REGISTER]: Captured registration for entry bone/skeleton/dresser of type minecraft:item
[18Oct2025 22:05:02.821] [modloading-worker-0/DEBUG] [com.tterrag.registrate.AbstractRegistrate/REGISTRATE.REGISTER]: Captured registration for entry bone/skeleton/wardrobe_bottom of type minecraft:item
[18Oct2025 22:05:02.822] [modloading-worker-0/DEBUG] [com.tterrag.registrate.AbstractRegistrate/REGISTRATE.REGISTER]: Captured registration for entry bone/skeleton/wardrobe_top of type minecraft:item
[18Oct2025 22:05:02.822] [modloading-worker-0/DEBUG] [com.tterrag.registrate.AbstractRegistrate/REGISTRATE.REGISTER]: Captured registration for entry bone/skeleton/bed_single of type minecraft:item
[18Oct2025 22:05:02.822] [modloading-worker-0/DEBUG] [com.tterrag.registrate.AbstractRegistrate/REGISTRATE.REGISTER]: Captured registration for entry bone/skeleton/bed_double of type minecraft:item
[18Oct2025 22:05:02.823] [modloading-worker-0/DEBUG] [com.tterrag.registrate.AbstractRegistrate/REGISTRATE.REGISTER]: Captured registration for entry bone/skeleton/chandelier of type minecraft:item
[18Oct2025 22:05:02.823] [modloading-worker-0/DEBUG] [com.tterrag.registrate.AbstractRegistrate/REGISTRATE.REGISTER]: Captured registration for entry bone/skeleton/door_single of type minecraft:item
[18Oct2025 22:05:02.823] [modloading-worker-0/DEBUG] [com.tterrag.registrate.AbstractRegistrate/REGISTRATE.REGISTER]: Captured registration for entry bone/skeleton/door_double of type minecraft:item
[18Oct2025 22:05:02.826] [modloading-worker-0/DEBUG] [com.tterrag.registrate.AbstractRegistrate/REGISTRATE.REGISTER]: Captured registration for entry bone/skeleton/lockbox of type minecraft:item
[18Oct2025 22:05:02.826] [modloading-worker-0/DEBUG] [com.tterrag.registrate.AbstractRegistrate/REGISTRATE.REGISTER]: Captured registration for entry bone/skeleton/counter of type minecraft:item
[18Oct2025 22:05:02.827] [modloading-worker-0/DEBUG] [com.tterrag.registrate.AbstractRegistrate/REGISTRATE.REGISTER]: Captured registration for entry bone/skeleton/oven of type minecraft:item
[18Oct2025 22:05:02.827] [modloading-worker-0/DEBUG] [com.tterrag.registrate.AbstractRegistrate/REGISTRATE.REGISTER]: Captured registration for entry bone/wither/wool of type minecraft:item
[18Oct2025 22:05:02.827] [modloading-worker-0/DEBUG] [com.tterrag.registrate.AbstractRegistrate/REGISTRATE.REGISTER]: Captured registration for entry bone/wither/carpet of type minecraft:item
[18Oct2025 22:05:02.828] [modloading-worker-0/DEBUG] [com.tterrag.registrate.AbstractRegistrate/REGISTRATE.REGISTER]: Captured registration for entry bone/wither/wall_light of type minecraft:item
[18Oct2025 22:05:02.828] [modloading-worker-0/DEBUG] [com.tterrag.registrate.AbstractRegistrate/REGISTRATE.REGISTER]: Captured registration for entry bone/wither/floor_light of type minecraft:item
[18Oct2025 22:05:02.828] [modloading-worker-0/DEBUG] [com.tterrag.registrate.AbstractRegistrate/REGISTRATE.REGISTER]: Captured registration for entry bone/wither/table_small of type minecraft:item
[18Oct2025 22:05:02.829] [modloading-worker-0/DEBUG] [com.tterrag.registrate.AbstractRegistrate/REGISTRATE.REGISTER]: Captured registration for entry bone/wither/table_wide of type minecraft:item
[18Oct2025 22:05:02.830] [modloading-worker-0/DEBUG] [com.tterrag.registrate.AbstractRegistrate/REGISTRATE.REGISTER]: Captured registration for entry bone/wither/table_large of type minecraft:item
[18Oct2025 22:05:02.834] [modloading-worker-0/DEBUG] [com.tterrag.registrate.AbstractRegistrate/REGISTRATE.REGISTER]: Captured registration for entry bone/wither/stool of type minecraft:item
[18Oct2025 22:05:02.837] [modloading-worker-0/DEBUG] [com.tterrag.registrate.AbstractRegistrate/REGISTRATE.REGISTER]: Captured registration for entry bone/wither/skull of type minecraft:item
[18Oct2025 22:05:02.839] [modloading-worker-0/DEBUG] [com.tterrag.registrate.AbstractRegistrate/REGISTRATE.REGISTER]: Captured registration for entry bone/wither/painting_small of type minecraft:item
[18Oct2025 22:05:02.841] [modloading-worker-0/DEBUG] [com.tterrag.registrate.AbstractRegistrate/REGISTRATE.REGISTER]: Captured registration for entry bone/wither/painting_wide of type minecraft:item
[18Oct2025 22:05:02.841] [modloading-worker-0/DEBUG] [com.tterrag.registrate.AbstractRegistrate/REGISTRATE.REGISTER]: Captured registration for entry bone/wither/drawer of type minecraft:item
[18Oct2025 22:05:02.842] [modloading-worker-0/DEBUG] [com.tterrag.registrate.AbstractRegistrate/REGISTRATE.REGISTER]: Captured registration for entry bone/wither/shelf of type minecraft:item
[18Oct2025 22:05:02.842] [modloading-worker-0/DEBUG] [com.tterrag.registrate.AbstractRegistrate/REGISTRATE.REGISTER]: Captured registration for entry bone/wither/sofa of type minecraft:item
[18Oct2025 22:05:02.842] [modloading-worker-0/DEBUG] [com.tterrag.registrate.AbstractRegistrate/REGISTRATE.REGISTER]: Captured registration for entry bone/wither/desk_left of type minecraft:item
[18Oct2025 22:05:02.843] [modloading-worker-0/DEBUG] [com.tterrag.registrate.AbstractRegistrate/REGISTRATE.REGISTER]: Captured registration for entry bone/wither/desk_right of type minecraft:item
[18Oct2025 22:05:02.843] [modloading-worker-0/DEBUG] [com.tterrag.registrate.AbstractRegistrate/REGISTRATE.REGISTER]: Captured registration for entry bone/wither/chair of type minecraft:item
[18Oct2025 22:05:02.845] [modloading-worker-0/DEBUG] [com.tterrag.registrate.AbstractRegistrate/REGISTRATE.REGISTER]: Captured registration for entry bone/wither/bench of type minecraft:item
[18Oct2025 22:05:02.845] [modloading-worker-0/DEBUG] [com.tterrag.registrate.AbstractRegistrate/REGISTRATE.REGISTER]: Captured registration for entry bone/wither/bookshelf of type minecraft:item
[18Oct2025 22:05:02.846] [modloading-worker-0/DEBUG] [com.tterrag.registrate.AbstractRegistrate/REGISTRATE.REGISTER]: Captured registration for entry bone/wither/chest of type minecraft:item
[18Oct2025 22:05:02.846] [modloading-worker-0/DEBUG] [com.tterrag.registrate.AbstractRegistrate/REGISTRATE.REGISTER]: Captured registration for entry bone/wither/dresser of type minecraft:item
[18Oct2025 22:05:02.846] [modloading-worker-0/DEBUG] [com.tterrag.registrate.AbstractRegistrate/REGISTRATE.REGISTER]: Captured registration for entry bone/wither/wardrobe_bottom of type minecraft:item
[18Oct2025 22:05:02.847] [modloading-worker-0/DEBUG] [com.tterrag.registrate.AbstractRegistrate/REGISTRATE.REGISTER]: Captured registration for entry bone/wither/wardrobe_top of type minecraft:item
[18Oct2025 22:05:02.849] [modloading-worker-0/DEBUG] [com.tterrag.registrate.AbstractRegistrate/REGISTRATE.REGISTER]: Captured registration for entry bone/wither/bed_single of type minecraft:item
[18Oct2025 22:05:02.849] [modloading-worker-0/DEBUG] [com.tterrag.registrate.AbstractRegistrate/REGISTRATE.REGISTER]: Captured registration for entry bone/wither/bed_double of type minecraft:item
[18Oct2025 22:05:02.850] [modloading-worker-0/DEBUG] [com.tterrag.registrate.AbstractRegistrate/REGISTRATE.REGISTER]: Captured registration for entry bone/wither/chandelier of type minecraft:item
[18Oct2025 22:05:02.850] [modloading-worker-0/DEBUG] [com.tterrag.registrate.AbstractRegistrate/REGISTRATE.REGISTER]: Captured registration for entry bone/wither/door_single of type minecraft:item
[18Oct2025 22:05:02.850] [modloading-worker-0/DEBUG] [com.tterrag.registrate.AbstractRegistrate/REGISTRATE.REGISTER]: Captured registration for entry bone/wither/door_double of type minecraft:item
[18Oct2025 22:05:02.851] [modloading-worker-0/DEBUG] [com.tterrag.registrate.AbstractRegistrate/REGISTRATE.REGISTER]: Captured registration for entry bone/wither/lockbox of type minecraft:item
[18Oct2025 22:05:02.852] [modloading-worker-0/DEBUG] [com.tterrag.registrate.AbstractRegistrate/REGISTRATE.REGISTER]: Captured registration for entry bone/wither/counter of type minecraft:item
[18Oct2025 22:05:02.855] [modloading-worker-0/DEBUG] [com.tterrag.registrate.AbstractRegistrate/REGISTRATE.REGISTER]: Captured registration for entry bone/wither/oven of type minecraft:item
[18Oct2025 22:05:02.856] [modloading-worker-0/DEBUG] [com.tterrag.registrate.AbstractRegistrate/REGISTRATE.REGISTER]: Captured registration for entry royal/wool of type minecraft:item
[18Oct2025 22:05:02.856] [modloading-worker-0/INFO] [TrustedSourceList/]: Loaded 564 BlackListed sources from remote
[18Oct2025 22:05:02.856] [modloading-worker-0/INFO] [TrustManager/]: Loading mod 'commonality' TrustWorthiness...
[18Oct2025 22:05:02.857] [modloading-worker-0/FATAL] [TrustManager/]: Could not determine mod trust worthiness, Assuming Jar was downloaded from trusted source!
[18Oct2025 22:05:02.856] [modloading-worker-0/DEBUG] [com.tterrag.registrate.AbstractRegistrate/REGISTRATE.REGISTER]: Captured registration for entry royal/carpet of type minecraft:item
[18Oct2025 22:05:02.858] [modloading-worker-0/DEBUG] [com.tterrag.registrate.AbstractRegistrate/REGISTRATE.REGISTER]: Captured registration for entry royal/wall_light of type minecraft:item
[18Oct2025 22:05:02.858] [modloading-worker-0/INFO] [TrustManager/]: Loaded mod 'commonality' TrustWorthiness: UNKNOWN
[18Oct2025 22:05:02.859] [modloading-worker-0/DEBUG] [net.minecraftforge.fml.javafmlmod.AutomaticEventSubscriber/LOADING]: Attempting to inject @EventBusSubscriber classes into the eventbus for commonality
[18Oct2025 22:05:02.859] [modloading-worker-0/DEBUG] [com.tterrag.registrate.AbstractRegistrate/REGISTRATE.REGISTER]: Captured registration for entry royal/floor_light of type minecraft:item
[18Oct2025 22:05:02.859] [modloading-worker-0/DEBUG] [net.minecraftforge.fml.javafmlmod.AutomaticEventSubscriber/LOADING]: Attempting to inject @EventBusSubscriber classes into the eventbus for t_and_t
[18Oct2025 22:05:02.860] [modloading-worker-0/DEBUG] [com.tterrag.registrate.AbstractRegistrate/REGISTRATE.REGISTER]: Captured registration for entry royal/table_small of type minecraft:item
[18Oct2025 22:05:02.861] [modloading-worker-0/DEBUG] [com.tterrag.registrate.AbstractRegistrate/REGISTRATE.REGISTER]: Captured registration for entry royal/table_wide of type minecraft:item
[18Oct2025 22:05:02.862] [modloading-worker-0/DEBUG] [com.tterrag.registrate.AbstractRegistrate/REGISTRATE.REGISTER]: Captured registration for entry royal/table_large of type minecraft:item
[18Oct2025 22:05:02.861] [modloading-worker-0/DEBUG] [playerrevive/]: Created network playerrevive:main
[18Oct2025 22:05:02.863] [modloading-worker-0/DEBUG] [com.tterrag.registrate.AbstractRegistrate/REGISTRATE.REGISTER]: Captured registration for entry royal/stool of type minecraft:item
[18Oct2025 22:05:02.864] [modloading-worker-0/DEBUG] [com.tterrag.registrate.AbstractRegistrate/REGISTRATE.REGISTER]: Captured registration for entry royal/cushion of type minecraft:item
[18Oct2025 22:05:02.866] [modloading-worker-0/DEBUG] [com.tterrag.registrate.AbstractRegistrate/REGISTRATE.REGISTER]: Captured registration for entry royal/painting_small of type minecraft:item
[18Oct2025 22:05:02.866] [modloading-worker-0/DEBUG] [com.tterrag.registrate.AbstractRegistrate/REGISTRATE.REGISTER]: Captured registration for entry royal/painting_wide of type minecraft:item
[18Oct2025 22:05:02.866] [modloading-worker-0/DEBUG] [com.tterrag.registrate.AbstractRegistrate/REGISTRATE.REGISTER]: Captured registration for entry royal/drawer of type minecraft:item
[18Oct2025 22:05:02.867] [modloading-worker-0/DEBUG] [com.tterrag.registrate.AbstractRegistrate/REGISTRATE.REGISTER]: Captured registration for entry royal/shelf of type minecraft:item
[18Oct2025 22:05:02.868] [modloading-worker-0/DEBUG] [com.tterrag.registrate.AbstractRegistrate/REGISTRATE.REGISTER]: Captured registration for entry royal/sofa of type minecraft:item
[18Oct2025 22:05:02.865] [modloading-worker-0/DEBUG] [net.minecraftforge.fml.javafmlmod.AutomaticEventSubscriber/LOADING]: Attempting to inject @EventBusSubscriber classes into the eventbus for playerrevive
[18Oct2025 22:05:02.869] [modloading-worker-0/DEBUG] [com.tterrag.registrate.AbstractRegistrate/REGISTRATE.REGISTER]: Captured registration for entry royal/desk_left of type minecraft:item
[18Oct2025 22:05:02.871] [modloading-worker-0/DEBUG] [com.tterrag.registrate.AbstractRegistrate/REGISTRATE.REGISTER]: Captured registration for entry royal/desk_right of type minecraft:item
[18Oct2025 22:05:02.872] [modloading-worker-0/DEBUG] [com.tterrag.registrate.AbstractRegistrate/REGISTRATE.REGISTER]: Captured registration for entry royal/chair of type minecraft:item
[18Oct2025 22:05:02.872] [modloading-worker-0/DEBUG] [com.tterrag.registrate.AbstractRegistrate/REGISTRATE.REGISTER]: Captured registration for entry royal/bench of type minecraft:item
[18Oct2025 22:05:02.872] [modloading-worker-0/DEBUG] [net.minecraftforge.fml.javafmlmod.AutomaticEventSubscriber/LOADING]: Attempting to inject @EventBusSubscriber classes into the eventbus for jauml
[18Oct2025 22:05:02.872] [modloading-worker-0/DEBUG] [com.tterrag.registrate.AbstractRegistrate/REGISTRATE.REGISTER]: Captured registration for entry royal/bookshelf of type minecraft:item
[18Oct2025 22:05:02.875] [modloading-worker-0/DEBUG] [com.tterrag.registrate.AbstractRegistrate/REGISTRATE.REGISTER]: Captured registration for entry royal/chest of type minecraft:item
[18Oct2025 22:05:02.875] [modloading-worker-0/DEBUG] [com.tterrag.registrate.AbstractRegistrate/REGISTRATE.REGISTER]: Captured registration for entry royal/dresser of type minecraft:item
[18Oct2025 22:05:02.876] [modloading-worker-0/DEBUG] [com.tterrag.registrate.AbstractRegistrate/REGISTRATE.REGISTER]: Captured registration for entry royal/wardrobe_bottom of type minecraft:item
[18Oct2025 22:05:02.876] [modloading-worker-0/DEBUG] [com.tterrag.registrate.AbstractRegistrate/REGISTRATE.REGISTER]: Captured registration for entry royal/wardrobe_top of type minecraft:item
[18Oct2025 22:05:02.877] [modloading-worker-0/DEBUG] [com.tterrag.registrate.AbstractRegistrate/REGISTRATE.REGISTER]: Captured registration for entry royal/bed_single of type minecraft:item
[18Oct2025 22:05:02.879] [modloading-worker-0/DEBUG] [com.tterrag.registrate.AbstractRegistrate/REGISTRATE.REGISTER]: Captured registration for entry royal/bed_double of type minecraft:item
[18Oct2025 22:05:02.880] [modloading-worker-0/DEBUG] [com.tterrag.registrate.AbstractRegistrate/REGISTRATE.REGISTER]: Captured registration for entry royal/chandelier of type minecraft:item
[18Oct2025 22:05:02.880] [modloading-worker-0/DEBUG] [com.tterrag.registrate.AbstractRegistrate/REGISTRATE.REGISTER]: Captured registration for entry royal/door_single of type minecraft:item
[18Oct2025 22:05:02.881] [modloading-worker-0/DEBUG] [com.tterrag.registrate.AbstractRegistrate/REGISTRATE.REGISTER]: Captured registration for entry royal/door_double of type minecraft:item
[18Oct2025 22:05:02.882] [modloading-worker-0/DEBUG] [com.tterrag.registrate.AbstractRegistrate/REGISTRATE.REGISTER]: Captured registration for entry royal/lockbox of type minecraft:item
[18Oct2025 22:05:02.884] [modloading-worker-0/DEBUG] [com.tterrag.registrate.AbstractRegistrate/REGISTRATE.REGISTER]: Captured registration for entry royal/counter of type minecraft:item
[18Oct2025 22:05:02.885] [modloading-worker-0/DEBUG] [com.tterrag.registrate.AbstractRegistrate/REGISTRATE.REGISTER]: Captured registration for entry royal/oven of type minecraft:item
[18Oct2025 22:05:02.885] [modloading-worker-0/DEBUG] [com.tterrag.registrate.AbstractRegistrate/REGISTRATE.REGISTER]: Captured registration for entry necrolord/wool of type minecraft:item
[18Oct2025 22:05:02.886] [modloading-worker-0/DEBUG] [com.tterrag.registrate.AbstractRegistrate/REGISTRATE.REGISTER]: Captured registration for entry necrolord/carpet of type minecraft:item
[18Oct2025 22:05:02.890] [modloading-worker-0/DEBUG] [com.tterrag.registrate.AbstractRegistrate/REGISTRATE.REGISTER]: Captured registration for entry necrolord/wall_light of type minecraft:item
[18Oct2025 22:05:02.890] [modloading-worker-0/DEBUG] [com.tterrag.registrate.AbstractRegistrate/REGISTRATE.REGISTER]: Captured registration for entry necrolord/floor_light of type minecraft:item
[18Oct2025 22:05:02.891] [modloading-worker-0/DEBUG] [com.tterrag.registrate.AbstractRegistrate/REGISTRATE.REGISTER]: Captured registration for entry necrolord/table_small of type minecraft:item
[18Oct2025 22:05:02.891] [modloading-worker-0/DEBUG] [com.tterrag.registrate.AbstractRegistrate/REGISTRATE.REGISTER]: Captured registration for entry necrolord/table_wide of type minecraft:item
[18Oct2025 22:05:02.891] [modloading-worker-0/DEBUG] [com.tterrag.registrate.AbstractRegistrate/REGISTRATE.REGISTER]: Captured registration for entry necrolord/table_large of type minecraft:item
[18Oct2025 22:05:02.891] [modloading-worker-0/DEBUG] [com.tterrag.registrate.AbstractRegistrate/REGISTRATE.REGISTER]: Captured registration for entry necrolord/stool of type minecraft:item
[18Oct2025 22:05:02.892] [modloading-worker-0/DEBUG] [com.tterrag.registrate.AbstractRegistrate/REGISTRATE.REGISTER]: Captured registration for entry necrolord/cushion of type minecraft:item
[18Oct2025 22:05:02.894] [modloading-worker-0/DEBUG] [com.tterrag.registrate.AbstractRegistrate/REGISTRATE.REGISTER]: Captured registration for entry necrolord/painting_small of type minecraft:item
[18Oct2025 22:05:02.894] [modloading-worker-0/DEBUG] [com.tterrag.registrate.AbstractRegistrate/REGISTRATE.REGISTER]: Captured registration for entry necrolord/painting_wide of type minecraft:item
[18Oct2025 22:05:02.894] [modloading-worker-0/DEBUG] [com.tterrag.registrate.AbstractRegistrate/REGISTRATE.REGISTER]: Captured registration for entry necrolord/drawer of type minecraft:item
[18Oct2025 22:05:02.895] [modloading-worker-0/DEBUG] [com.tterrag.registrate.AbstractRegistrate/REGISTRATE.REGISTER]: Captured registration for entry necrolord/shelf of type minecraft:item
[18Oct2025 22:05:02.895] [modloading-worker-0/DEBUG] [com.tterrag.registrate.AbstractRegistrate/REGISTRATE.REGISTER]: Captured registration for entry necrolord/sofa of type minecraft:item
[18Oct2025 22:05:02.895] [modloading-worker-0/DEBUG] [com.tterrag.registrate.AbstractRegistrate/REGISTRATE.REGISTER]: Captured registration for entry necrolord/desk_left of type minecraft:item
[18Oct2025 22:05:02.895] [modloading-worker-0/DEBUG] [com.tterrag.registrate.AbstractRegistrate/REGISTRATE.REGISTER]: Captured registration for entry necrolord/desk_right of type minecraft:item
[18Oct2025 22:05:02.896] [modloading-worker-0/DEBUG] [com.tterrag.registrate.AbstractRegistrate/REGISTRATE.REGISTER]: Captured registration for entry necrolord/chair of type minecraft:item
[18Oct2025 22:05:02.898] [modloading-worker-0/DEBUG] [com.tterrag.registrate.AbstractRegistrate/REGISTRATE.REGISTER]: Captured registration for entry necrolord/bench of type minecraft:item
[18Oct2025 22:05:02.898] [modloading-worker-0/DEBUG] [com.tterrag.registrate.AbstractRegistrate/REGISTRATE.REGISTER]: Captured registration for entry necrolord/bookshelf of type minecraft:item
[18Oct2025 22:05:02.899] [modloading-worker-0/DEBUG] [com.tterrag.registrate.AbstractRegistrate/REGISTRATE.REGISTER]: Captured registration for entry necrolord/chest of type minecraft:item
[18Oct2025 22:05:02.899] [modloading-worker-0/DEBUG] [com.tterrag.registrate.AbstractRegistrate/REGISTRATE.REGISTER]: Captured registration for entry necrolord/dresser of type minecraft:item
[18Oct2025 22:05:02.899] [modloading-worker-0/DEBUG] [com.tterrag.registrate.AbstractRegistrate/REGISTRATE.REGISTER]: Captured registration for entry necrolord/wardrobe_bottom of type minecraft:item
[18Oct2025 22:05:02.900] [modloading-worker-0/DEBUG] [com.tterrag.registrate.AbstractRegistrate/REGISTRATE.REGISTER]: Captured registration for entry necrolord/wardrobe_top of type minecraft:item
[18Oct2025 22:05:02.902] [modloading-worker-0/DEBUG] [com.tterrag.registrate.AbstractRegistrate/REGISTRATE.REGISTER]: Captured registration for entry necrolord/bed_single of type minecraft:item
[18Oct2025 22:05:02.902] [modloading-worker-0/DEBUG] [com.tterrag.registrate.AbstractRegistrate/REGISTRATE.REGISTER]: Captured registration for entry necrolord/bed_double of type minecraft:item
[18Oct2025 22:05:02.902] [modloading-worker-0/DEBUG] [com.tterrag.registrate.AbstractRegistrate/REGISTRATE.REGISTER]: Captured registration for entry necrolord/chandelier of type minecraft:item
[18Oct2025 22:05:02.903] [modloading-worker-0/DEBUG] [com.tterrag.registrate.AbstractRegistrate/REGISTRATE.REGISTER]: Captured registration for entry necrolord/door_single of type minecraft:item
[18Oct2025 22:05:02.903] [modloading-worker-0/DEBUG] [com.tterrag.registrate.AbstractRegistrate/REGISTRATE.REGISTER]: Captured registration for entry necrolord/door_double of type minecraft:item
[18Oct2025 22:05:02.903] [modloading-worker-0/DEBUG] [com.tterrag.registrate.AbstractRegistrate/REGISTRATE.REGISTER]: Captured registration for entry necrolord/lockbox of type minecraft:item
[18Oct2025 22:05:02.904] [modloading-worker-0/DEBUG] [com.tterrag.registrate.AbstractRegistrate/REGISTRATE.REGISTER]: Captured registration for entry necrolord/counter of type minecraft:item
[18Oct2025 22:05:02.904] [modloading-worker-0/DEBUG] [com.tterrag.registrate.AbstractRegistrate/REGISTRATE.REGISTER]: Captured registration for entry necrolord/oven of type minecraft:item
[18Oct2025 22:05:02.908] [modloading-worker-0/DEBUG] [com.tterrag.registrate.AbstractRegistrate/REGISTRATE.REGISTER]: Captured registration for entry bookshelf of type minecraft:block_entity_type
[18Oct2025 22:05:02.910] [modloading-worker-0/DEBUG] [com.tterrag.registrate.AbstractRegistrate/REGISTRATE.REGISTER]: Captured registration for entry chest of type minecraft:block_entity_type
[18Oct2025 22:05:02.911] [modloading-worker-0/DEBUG] [com.tterrag.registrate.AbstractRegistrate/REGISTRATE.REGISTER]: Captured registration for entry desk of type minecraft:block_entity_type
[18Oct2025 22:05:02.911] [modloading-worker-0/DEBUG] [com.tterrag.registrate.AbstractRegistrate/REGISTRATE.REGISTER]: Captured registration for entry drawer of type minecraft:block_entity_type
[18Oct2025 22:05:02.915] [modloading-worker-0/DEBUG] [com.tterrag.registrate.AbstractRegistrate/REGISTRATE.REGISTER]: Captured registration for entry dresser of type minecraft:block_entity_type
[18Oct2025 22:05:02.916] [modloading-worker-0/DEBUG] [com.tterrag.registrate.AbstractRegistrate/REGISTRATE.REGISTER]: Captured registration for entry lockbox of type minecraft:block_entity_type
[18Oct2025 22:05:02.917] [modloading-worker-0/DEBUG] [com.tterrag.registrate.AbstractRegistrate/REGISTRATE.REGISTER]: Captured registration for entry wardrobe of type minecraft:block_entity_type
[18Oct2025 22:05:02.919] [modloading-worker-0/DEBUG] [com.tterrag.registrate.AbstractRegistrate/REGISTRATE.REGISTER]: Captured registration for entry counter of type minecraft:block_entity_type
[18Oct2025 22:05:02.920] [modloading-worker-0/DEBUG] [com.tterrag.registrate.AbstractRegistrate/REGISTRATE.REGISTER]: Captured registration for entry oven of type minecraft:block_entity_type
[18Oct2025 22:05:02.924] [modloading-worker-0/DEBUG] [com.tterrag.registrate.AbstractRegistrate/REGISTRATE.REGISTER]: Captured registration for entry cookie_jar of type minecraft:block_entity_type
[18Oct2025 22:05:02.924] [modloading-worker-0/DEBUG] [com.tterrag.registrate.AbstractRegistrate/REGISTRATE.REGISTER]: Captured registration for entry decorations/widow_bloom of type minecraft:block_entity_type
[18Oct2025 22:05:02.925] [modloading-worker-0/DEBUG] [com.tterrag.registrate.AbstractRegistrate/REGISTRATE.REGISTER]: Captured registration for entry decorations/bone_skull_blossoms of type minecraft:block_entity_type
[18Oct2025 22:05:02.927] [modloading-worker-0/DEBUG] [com.tterrag.registrate.AbstractRegistrate/REGISTRATE.REGISTER]: Captured registration for entry stocking of type minecraft:block_entity_type
[18Oct2025 22:05:02.928] [modloading-worker-0/DEBUG] [com.tterrag.registrate.AbstractRegistrate/REGISTRATE.REGISTER]: Captured registration for entry small_soul_fire_flame of type minecraft:particle_type
[18Oct2025 22:05:02.928] [modloading-worker-0/DEBUG] [com.tterrag.registrate.AbstractRegistrate/REGISTRATE.REGISTER]: Captured registration for entry necrolord_flame of type minecraft:particle_type
[18Oct2025 22:05:02.929] [modloading-worker-0/DEBUG] [com.tterrag.registrate.AbstractRegistrate/REGISTRATE.REGISTER]: Captured registration for entry small_necrolord_flame of type minecraft:particle_type
[18Oct2025 22:05:02.945] [modloading-worker-0/DEBUG] [com.tterrag.registrate.AbstractRegistrate/REGISTRATE.REGISTER]: Captured registration for entry large_inventory_menu of type minecraft:menu
[18Oct2025 22:05:02.946] [modloading-worker-0/DEBUG] [com.tterrag.registrate.AbstractRegistrate/REGISTRATE.REGISTER]: Captured registration for entry medium_inventory_menu of type minecraft:menu
[18Oct2025 22:05:02.949] [modloading-worker-0/DEBUG] [com.tterrag.registrate.AbstractRegistrate/REGISTRATE.REGISTER]: Captured registration for entry small_inventory_menu of type minecraft:menu
[18Oct2025 22:05:02.949] [modloading-worker-0/DEBUG] [com.tterrag.registrate.AbstractRegistrate/REGISTRATE.REGISTER]: Captured registration for entry bookshelf of type minecraft:menu
[18Oct2025 22:05:02.954] [modloading-worker-0/DEBUG] [com.tterrag.registrate.AbstractRegistrate/REGISTRATE.REGISTER]: Captured registration for entry oven of type minecraft:menu
[18Oct2025 22:05:02.957] [modloading-worker-0/DEBUG] [com.tterrag.registrate.AbstractRegistrate/REGISTRATE.REGISTER]: Captured registration for entry cookie_jar of type minecraft:menu
[18Oct2025 22:05:02.958] [modloading-worker-0/DEBUG] [com.tterrag.registrate.AbstractRegistrate/REGISTRATE.REGISTER]: Captured registration for entry furniture_station of type minecraft:menu
[18Oct2025 22:05:02.961] [modloading-worker-0/DEBUG] [com.tterrag.registrate.AbstractRegistrate/REGISTRATE.REGISTER]: Captured registration for entry stocking of type minecraft:menu
[18Oct2025 22:05:02.962] [modloading-worker-0/DEBUG] [com.tterrag.registrate.AbstractRegistrate/REGISTRATE.REGISTER]: Captured registration for entry dyeable of type minecraft:recipe_serializer
[18Oct2025 22:05:02.962] [modloading-worker-0/DEBUG] [com.tterrag.registrate.AbstractRegistrate/REGISTRATE.REGISTER]: Captured registration for entry dyeable of type minecraft:recipe_type
[18Oct2025 22:05:02.962] [modloading-worker-0/DEBUG] [net.minecraftforge.fml.javafmlmod.AutomaticEventSubscriber/LOADING]: Attempting to inject @EventBusSubscriber classes into the eventbus for fantasyfurniture
[18Oct2025 22:05:02.963] [modloading-worker-0/DEBUG] [net.minecraftforge.fml.javafmlmod.AutomaticEventSubscriber/LOADING]: Auto-subscribing xyz.apex.forge.fantasyfurniture.events.CommonModEvents to MOD
[18Oct2025 22:05:02.967] [modloading-worker-0/DEBUG] [net.minecraftforge.fml.javafmlmod.AutomaticEventSubscriber/LOADING]: Auto-subscribing xyz.apex.forge.fantasyfurniture.events.CommonForgeEvents to FORGE
[18Oct2025 22:05:02.976] [modloading-worker-0/DEBUG] [Cristel Lib/]: Couldn't parse: "T&T Waystone Patch Pack" to a component
com.mojang.brigadier.exceptions.CommandSyntaxException: Invalid chat component: Use JsonReader.setLenient(true) to accept malformed JSON at line 1 column 1 path $ at position 0: <--[HERE]
[18Oct2025 22:05:02.981] [modloading-worker-0/DEBUG] [mixin/]: Mixing PathPackResourcesAccessor from creativecore.mixins.json into net.minecraft.server.packs.PathPackResources
[18Oct2025 22:05:03.118] [modloading-worker-0/DEBUG] [net.minecraftforge.fml.javafmlmod.AutomaticEventSubscriber/LOADING]: Attempting to inject @EventBusSubscriber classes into the eventbus for cristellib
[18Oct2025 22:05:03.123] [main/FATAL] [net.minecraftforge.fml.ModLoader/LOADING]: Failed to complete lifecycle event CONSTRUCT, 2 errors found
[18Oct2025 22:05:03.152] [main/DEBUG] [net.minecraftforge.common.ForgeI18n/CORE]: Loading I18N data entries: 6430
[18Oct2025 22:05:03.159] [main/DEBUG] [oshi.util.FileUtil/]: Reading file /sys/devices/system/cpu/cpu0/topology/core_id
[18Oct2025 22:05:03.160] [main/DEBUG] [oshi.util.FileUtil/]: Reading file /sys/devices/system/cpu/cpu0/topology/core_id
[18Oct2025 22:05:03.160] [main/DEBUG] [oshi.util.FileUtil/]: Reading file /sys/devices/system/cpu/cpu0/topology/physical_package_id
[18Oct2025 22:05:03.160] [main/DEBUG] [oshi.util.FileUtil/]: Reading file /sys/devices/system/cpu/cpu0/topology/physical_package_id
[18Oct2025 22:05:03.161] [main/DEBUG] [oshi.util.FileUtil/]: Reading file /sys/devices/system/cpu/cpu0/cpu_capacity
[18Oct2025 22:05:03.162] [main/DEBUG] [oshi.util.FileUtil/]: Reading file /sys/devices/system/cpu/cpu1/topology/core_id
[18Oct2025 22:05:03.162] [main/DEBUG] [oshi.util.FileUtil/]: Reading file /sys/devices/system/cpu/cpu1/topology/core_id
[18Oct2025 22:05:03.162] [main/DEBUG] [oshi.util.FileUtil/]: Reading file /sys/devices/system/cpu/cpu1/topology/physical_package_id
[18Oct2025 22:05:03.162] [main/DEBUG] [oshi.util.FileUtil/]: Reading file /sys/devices/system/cpu/cpu1/topology/physical_package_id
[18Oct2025 22:05:03.162] [main/DEBUG] [oshi.util.FileUtil/]: Reading file /sys/devices/system/cpu/cpu1/cpu_capacity
[18Oct2025 22:05:03.163] [main/DEBUG] [oshi.util.FileUtil/]: Reading file /proc/cpuinfo
[18Oct2025 22:05:03.176] [main/DEBUG] [oshi.util.FileUtil/]: Reading file /proc/self/auxv
[18Oct2025 22:05:03.178] [main/DEBUG] [oshi.util.FileUtil/]: No oshi.architecture.properties file found from ClassLoader cpw.mods.modlauncher.TransformingClassLoader@73c3cd09
[18Oct2025 22:05:03.180] [main/DEBUG] [oshi.util.FileUtil/]: No oshi.architecture.properties file found from ClassLoader jdk.internal.loader.ClassLoaders$AppClassLoader@76ed5528
[18Oct2025 22:05:03.193] [main/DEBUG] [oshi.util.FileUtil/]: Reading file /proc/meminfo
[18Oct2025 22:05:03.194] [main/DEBUG] [oshi.util.FileUtil/]: Reading file /proc/meminfo
[18Oct2025 22:05:03.241] [main/FATAL] [net.minecraftforge.common.ForgeMod/]: Preparing crash report with UUID f13e964d-d413-4e48-9f53-c1053a3b1bb7
[18Oct2025 22:05:03.242] [main/FATAL] [net.minecraftforge.server.loading.ServerModLoader/]: Crash report saved to ./crash-reports/crash-2025-10-18_22.05.03-fml.txt
[18Oct2025 22:05:03.257] [main/FATAL] [net.minecraftforge.common.ForgeMod/]: Preparing crash report with UUID 9c077137-d8c8-4afa-b4fc-f7d82a418927
[18Oct2025 22:05:03.260] [main/ERROR] [net.minecraft.server.Main/FATAL]: Failed to start the minecraft server
net.minecraftforge.fml.LoadingFailedException: Loading errors encountered: [
	Memories of the past (memory_of_the_past) has failed to load correctly
§7java.lang.NoSuchMethodException: tn.mbs.memory.MemoryOfThePastMod.<init>(),
	Ascendant Mobs (ascendant_mobs) has failed to load correctly
§7java.lang.NoSuchMethodException: tn.mbs.ascendantmobs.AscendantMobsMod.<init>()
]
	at net.minecraftforge.fml.ModLoader.waitForTransition(ModLoader.java:246) ~[fmlcore-1.20.1-47.3.7.jar%23144!/:?]
	at net.minecraftforge.fml.ModLoader.lambda$dispatchAndHandleError$20(ModLoader.java:210) ~[fmlcore-1.20.1-47.3.7.jar%23144!/:?]
	at java.util.Optional.ifPresent(Optional.java:178) ~[?:?]
	at net.minecraftforge.fml.ModLoader.dispatchAndHandleError(ModLoader.java:210) ~[fmlcore-1.20.1-47.3.7.jar%23144!/:?]
	at net.minecraftforge.fml.ModLoader.lambda$gatherAndInitializeMods$13(ModLoader.java:183) ~[fmlcore-1.20.1-47.3.7.jar%23144!/:?]
	at java.lang.Iterable.forEach(Iterable.java:75) ~[?:?]
	at net.minecraftforge.fml.ModLoader.gatherAndInitializeMods(ModLoader.java:183) ~[fmlcore-1.20.1-47.3.7.jar%23144!/:?]
	at net.minecraftforge.server.loading.ServerModLoader.load(ServerModLoader.java:30) ~[forge-1.20.1-47.3.7-universal.jar%23148!/:?]
	at net.minecraft.server.Main.main(Main.java:125) ~[server-1.20.1-20230612.114412-srg.jar%23143!/:?]
	at jdk.internal.reflect.NativeMethodAccessorImpl.invoke0(Native Method) ~[?:?]
	at jdk.internal.reflect.NativeMethodAccessorImpl.invoke(NativeMethodAccessorImpl.java:77) ~[?:?]
	at jdk.internal.reflect.DelegatingMethodAccessorImpl.invoke(DelegatingMethodAccessorImpl.java:43) ~[?:?]
	at java.lang.reflect.Method.invoke(Method.java:569) ~[?:?]
	at net.minecraftforge.fml.loading.targets.CommonLaunchHandler.runTarget(CommonLaunchHandler.java:111) ~[fmlloader-1.20.1-47.3.7.jar%2369!/:?]
	at net.minecraftforge.fml.loading.targets.CommonLaunchHandler.serverService(CommonLaunchHandler.java:103) ~[fmlloader-1.20.1-47.3.7.jar%2369!/:?]
	at net.minecraftforge.fml.loading.targets.CommonServerLaunchHandler.lambda$makeService$0(CommonServerLaunchHandler.java:27) ~[fmlloader-1.20.1-47.3.7.jar%2369!/:?]
	at cpw.mods.modlauncher.LaunchServiceHandlerDecorator.launch(LaunchServiceHandlerDecorator.java:30) ~[modlauncher-10.0.9.jar%2355!/:?]
	at cpw.mods.modlauncher.LaunchServiceHandler.launch(LaunchServiceHandler.java:53) ~[modlauncher-10.0.9.jar%2355!/:?]
	at cpw.mods.modlauncher.LaunchServiceHandler.launch(LaunchServiceHandler.java:71) ~[modlauncher-10.0.9.jar%2355!/:?]
	at cpw.mods.modlauncher.Launcher.run(Launcher.java:108) ~[modlauncher-10.0.9.jar%2355!/:?]
	at cpw.mods.modlauncher.Launcher.main(Launcher.java:78) ~[modlauncher-10.0.9.jar%2355!/:?]
	at cpw.mods.modlauncher.BootstrapLaunchConsumer.accept(BootstrapLaunchConsumer.java:26) ~[modlauncher-10.0.9.jar%2355!/:?]
	at cpw.mods.modlauncher.BootstrapLaunchConsumer.accept(BootstrapLaunchConsumer.java:23) ~[modlauncher-10.0.9.jar%2355!/:?]
	at cpw.mods.bootstraplauncher.BootstrapLauncher.main(BootstrapLauncher.java:141) ~[bootstraplauncher-1.1.2.jar:?]
